"itemCode","itemName","incTot","aggCom","weight","target","convType","targetCode","targetName","baseExtraction","fbsCode","fbsName"
15,"WHEAT",1,"T",1,"Target","",15,"WHEAT",,2511,"WHEAT & PRODUCTS"
16,"FLOUR WHEAT",1,"B",1,"","",15,"WHEAT",1.3889,2511,"WHEAT & PRODUCTS"
17,"BRAN WHEAT",1,"B",0,"Target","(cal.)",17,"BRAN WHEAT",,,
18,"MACARONI",1,"B",1,"","",15,"WHEAT",1.3889,2511,"WHEAT & PRODUCTS"
19,"GERM WHEAT",1,"B",0,"Target","(cal.)",19,"GERM WHEAT",,,
20,"BREAD",1,"B",1,"","",15,"WHEAT",1.1574,2511,"WHEAT & PRODUCTS"
21,"BULGUR",1,"B",1,"","",15,"WHEAT",1.0526,2511,"WHEAT & PRODUCTS"
22,"PASTRY",1,"B",1,"","",15,"WHEAT",1.3889,2511,"WHEAT & PRODUCTS"
23,"WHEAT,STARCH",1,"B",1,"","",15,"WHEAT",1.634,2511,"WHEAT & PRODUCTS"
24,"WHEAT GLUTEN",1,"B",0,"Target","(cal.)",24,"WHEAT GLUTEN",,,
26,"WHEAT FER BE",1,"T",1,"Target","",26,"WHEAT FER BE",,,
27,"RICE, PADDY",1,"T",1,"Target","",27,"RICE, PADDY",,2805,"RICE & PROD (MILLEDEQ.)"
28,"RICE,HUSKED",1,"B",1,"","",27,"RICE, PADDY",1.25,2805,"RICE & PROD (MILLEDEQ.)"
29,"MIL/HUS RICE",1,"B",1,"","",27,"RICE, PADDY",1.4706,2805,"RICE & PROD (MILLEDEQ.)"
31,"MIL PAD RICE",1,"B",1,"","",27,"RICE, PADDY",1.4993,2805,"RICE & PROD (MILLEDEQ.)"
32,"RICE,BROKEN",1,"B",1,"","",27,"RICE, PADDY",1.4706,2805,"RICE & PROD (MILLEDEQ.)"
33,"RICE GLUTEN",1,"B",0,"Target","(cal.)",33,"RICE GLUTEN",,,
34,"RICE,STARCH",1,"B",1,"","",27,"RICE, PADDY",1.634,2805,"RICE & PROD (MILLEDEQ.)"
35,"BRAN RICE",1,"B",0,"Target","(cal.)",35,"BRAN RICE",,,
36,"OIL RICE BRN",1,"T",1,"Target","",36,"OIL RICE BRN",,,
37,"CAKE RICEBRN",1,"T",0,"Target","",37,"CAKE RICEBRN",,,
38,"RICE FLOUR",1,"B",1,"","",27,"RICE, PADDY",1.4706,2805,"RICE & PROD (MILLEDEQ.)"
39,"RICE FER BEV",1,"T",1,"Target","",39,"RICE FER BEV",,,
41,"BREAKF CERLS",1,"B",1,"","",15,"WHEAT",1,2511,"WHEAT & PRODUCTS"
44,"BARLEY",1,"T",1,"Target","",44,"BARLEY",,2513,"BARLEY & PRODUCTS"
45,"POT BARLEY",1,"B",1,"","",44,"BARLEY",1.4286,2513,"BARLEY & PRODUCTS"
46,"BARLEY,PEARL",1,"B",1,"","",44,"BARLEY",1.4577,2513,"BARLEY & PRODUCTS"
47,"BRAN BARLEY",1,"B",0,"Target","(cal.)",47,"BRAN BARLEY",,,
48,"BARLEY FL GR",1,"B",1,"","(cal.)",44,"BARLEY",1.4577,2513,"BARLEY & PRODUCTS"
49,"MALT BARLEY",1,"B",1,"","",44,"BARLEY",1.4286,2513,"BARLEY & PRODUCTS"
50,"MALT EXTRACT",1,"B",1,"","",44,"BARLEY",1.7858,2513,"BARLEY & PRODUCTS"
51,"BEER BARLEY",1,"T",1,"Target","",51,"BEER BARLEY",,,
56,"MAIZE",1,"T",1,"Target","",56,"MAIZE",,2514,"MAIZE & PRODUCTS"
57,"GERM MAIZE",1,"B",0,"Target","(cal.)",57,"GERM MAIZE",,,
58,"FLOUR MAIZE",1,"B",1,"","",56,"MAIZE",1.1765,2514,"MAIZE & PRODUCTS"
59,"BRAN MAIZE",1,"B",0,"Target","(cal.)",59,"BRAN MAIZE",,,
60,"OIL MAIZE",1,"T",1,"Target","",60,"OIL MAIZE",,,
61,"CAKE MAIZE",1,"T",1,"Target","",61,"CAKE MAIZE",,,
63,"MAIZE GLUTEN",1,"B",0,"Target","(cal.)",63,"MAIZE GLUTEN",,2514,"MAIZE & PRODUCTS"
64,"STARCH MAIZE",1,"B",1,"","",56,"MAIZE",1.1765,2514,"MAIZE & PRODUCTS"
66,"BEER MAIZE",1,"T",1,"Target","",66,"BEER MAIZE",,,
67,"WHITE MAIZE",0,"T",1,"","",,,,,
68,"POP CORN",1,"T",1,"Target","",68,"POP CORN",,,
71,"RYE",1,"T",1,"Target","",71,"RYE",,2515,"RYE & PRODUCTS"
72,"FLOUR RYE",1,"B",1,"","",71,"RYE",1.25,2515,"RYE & PRODUCTS"
73,"BRAN RYE",1,"B",0,"Target","(cal.)",73,"BRAN RYE",,,
75,"OATS",1,"T",1,"Target","",75,"OATS",,2516,"OATS & PRODUCTS"
76,"OATS, ROLLED",1,"B",1,"","",75,"OATS",1.8182,2516,"OATS & PRODUCTS"
77,"BRAN OATS",1,"B",0,"Target","(cal.)",77,"BRAN OATS",,,
79,"MILLET",1,"T",1,"Target","",79,"MILLET",,2517,"MILLET & PRODUCTS"
80,"FLOUR MILLET",1,"B",1,"","",79,"MILLET",1.1111,2517,"MILLET & PRODUCTS"
81,"BRAN MILLET",1,"B",0,"Target","(cal.)",81,"BRAN MILLET",,,
82,"BEER MILLET",1,"T",1,"Target","",82,"BEER MILLET",,,
83,"SORGHUM",1,"T",1,"Target","",83,"SORGHUM",,2518,"SORGHUM & PRODUCTS"
84,"FLOUR SORGHM",1,"B",1,"","",83,"SORGHUM",1.1111,2518,"SORGHUM & PRODUCTS"
85,"BRAN SORGHUM",1,"B",0,"Target","(cal.)",85,"BRAN SORGHUM",,,
86,"BEER SORGHUM",1,"T",1,"Target","",86,"BEER SORGHUM",,,
89,"BUCKWHEAT",1,"T",1,"Target","",89,"BUCKWHEAT",,2520,"CEREALS,OTHERS &PRODUCTS"
90,"FLOUR BUCKWH",1,"B",1,"","",89,"BUCKWHEAT",1.6667,2520,"CEREALS,OTHERS &PRODUCTS"
91,"BRAN BUCKWHT",1,"B",0,"Target","(cal.)",91,"BRAN BUCKWHT",,,
92,"QUINOA",1,"T",1,"Target","",92,"QUINOA",,,
94,"FONIO",1,"T",1,"Target","",94,"FONIO",,2520,"CEREALS,OTHERS &PRODUCTS"
95,"FLOUR FONIO",1,"B",1,"","",94,"FONIO",1.1765,2520,"CEREALS,OTHERS &PRODUCTS"
96,"BRAN FONIO",1,"B",0,"Target","(cal.)",96,"BRAN FONIO",,,
97,"TRITICALE",1,"T",1,"Target","",97,"TRITICALE",,2520,"CEREALS,OTHERS &PRODUCTS"
98,"FLOUR TRITIC",1,"B",1,"","",97,"TRITICALE",1.3333,2520,"CEREALS,OTHERS &PRODUCTS"
99,"BRAN TRITICA",1,"B",0,"Target","(cal.)",99,"BRAN TRITICA",,,
101,"CANARY SEED",1,"T",1,"Target","",101,"CANARY SEED",,,
103,"MIXED GRAIN",1,"T",1,"Target","",103,"MIXED GRAIN",,2520,"CEREALS,OTHERS &PRODUCTS"
104,"FLOUR MIX GR",1,"B",1,"","",103,"MIXED GRAIN",1.1765,2520,"CEREALS,OTHERS &PRODUCTS"
105,"BRAN MIX GR",1,"B",0,"Target","(cal.)",105,"BRAN MIX GR",,,
108,"CEREALS NES",1,"T",1,"Target","",108,"CEREALS NES",,2520,"CEREALS,OTHERS &PRODUCTS"
109,"INFANT FOOD",1,"T",1,"Target","",109,"INFANT FOOD",,,
110,"WAFERS",1,"B",1,"","",15,"WHEAT",1.3889,2511,"WHEAT & PRODUCTS"
111,"FLOUR CEREAL",1,"B",1,"","",108,"CEREALS NES",1.1765,2520,"CEREALS,OTHERS &PRODUCTS"
112,"BRAN CEREAL",1,"B",0,"Target","(cal.)",112,"BRAN CEREAL",,,
113,"CER PREP NES",1,"B",1,"","",108,"CEREALS NES",1.6667,2520,"CEREALS,OTHERS &PRODUCTS"
114,"MIXES AND DO",1,"T",1,"Target","(cal.)",114,"MIXES AND DO",,,
115,"FOOD PREP.FL",1,"T",1,"Target","(cal.)",115,"FOOD PREP.FL",,,
116,"POTATOES",1,"T",1,"Target","",116,"POTATOES",,2531,"POTATOES & PRODUCTS"
117,"FLOUR POTAT",1,"B",1,"","",116,"POTATOES",5,2531,"POTATOES & PRODUCTS"
118,"FROZ POTATOE",1,"B",1,"","",116,"POTATOES",1.6667,2531,"POTATOES & PRODUCTS"
119,"POTATO STCH",1,"B",1,"","",116,"POTATOES",6.6667,2531,"POTATOES & PRODUCTS"
120,"POTATO OFFAL",1,"B",0,"Target","",120,"POTATO OFFAL",,,
121,"POTATO TAP",1,"B",1,"","",116,"POTATOES",6.6667,2531,"POTATOES & PRODUCTS"
122,"SWEET POTATO",1,"T",1,"Target","",122,"SWEET POTATO",,,
125,"CASSAVA",1,"T",1,"Target","",125,"CASSAVA",,2532,"CASSAVA & PRODUCTS"
126,"FLOUR CASS",1,"B",1,"","",125,"CASSAVA",3.5714,2532,"CASSAVA & PRODUCTS"
127,"CASSAVA TAP",1,"B",1,"","",125,"CASSAVA",4,2532,"CASSAVA & PRODUCTS"
128,"CASSAVA DR.",1,"B",1,"","",125,"CASSAVA",3.125,2532,"CASSAVA & PRODUCTS"
129,"CASSAVA STCH",1,"B",1,"","",125,"CASSAVA",4,2532,"CASSAVA & PRODUCTS"
135,"YAUTIA(COC.)",1,"T",1,"Target","",135,"YAUTIA(COC.)",,,
136,"TARO",1,"T",1,"Target","",136,"TARO",,,
137,"YAMS",1,"T",1,"Target","",137,"YAMS",,,
149,"ROOTS TUB NS",1,"T",1,"Target","",149,"ROOTS TUB NS",,2534,"ROOTS&TUBERS,OTH &PROD."
150,"FLOUR RT TUB",1,"B",1,"","",149,"ROOTS TUB NS",6.6667,2534,"ROOTS&TUBERS,OTH &PROD."
151,"ROOTS TUB DR",1,"B",1,"","",149,"ROOTS TUB NS",5,2534,"ROOTS&TUBERS,OTH &PROD."
154,"FRUCTOSE CHE",1,"T",1,"Target","",154,"FRUCTOSE CHE",,,
155,"MALTOSE CHEM",1,"T",1,"Target","",155,"MALTOSE CHEM",,,
156,"SUGAR CANE",1,"T",1,"Target","",156,"SUGAR CANE",,,
157,"SUGAR BEETS",1,"T",1,"Target","",157,"SUGAR BEETS",,,
158,"CANE SUGAR",1,"F",1,"","",162,"SUGAR,C. RAW",1,2542,"SUGAR & PROD. (RAWEQ.)"
159,"BEET SUGAR",1,"F",1,"","",162,"SUGAR,C. RAW",1,2542,"SUGAR & PROD. (RAWEQ.)"
160,"MAPLE SUGAR",1,"T",1,"Target","",160,"MAPLE SUGAR",,,
161,"SUGAR CROPS",1,"T",1,"Target","",161,"SUGAR CROPS",,,
162,"SUGAR,C. RAW",1,"T",1,"Target","",162,"SUGAR,C. RAW",,2542,"SUGAR & PROD. (RAWEQ.)"
163,"SUGAR,N CENT",1,"T",1,"Target","",163,"SUGAR,N CENT",,,
164,"SUGAR REFIND",1,"B",1,"","",162,"SUGAR,C. RAW",1.087,2542,"SUGAR & PROD. (RAWEQ.)"
165,"MOLASSES",1,"T",0,"Target","(cal.)",165,"MOLASSES",,,
166,"OTHER FRUCTO",1,"T",1,"Target","",166,"OTHER FRUCTO",,,
167,"SUGAR NES",1,"T",1,"Target","",167,"SUGAR NES",,,
168,"SUGAR CONF",1,"B",1,"","",162,"SUGAR,C. RAW",0.494,2542,"SUGAR & PROD. (RAWEQ.)"
169,"BEET P.DRY",1,"T",0,"Target","",169,"BEET P.DRY",,,
170,"BAGASSE",1,"T",0,"Target","",170,"BAGASSE",,,
171,"SUGARS FLAV",1,"B",1,"","",162,"SUGAR,C. RAW",1.087,2542,"SUGAR & PROD. (RAWEQ.)"
172,"GLUC. DEXTR.",1,"T",1,"Target","",172,"GLUC. DEXTR.",,2543,"SWEETENERS, OTHER &PROD"
173,"LACTOSE",1,"T",1,"Target","",173,"LACTOSE",,,
174,"ARTIF SWEETN",1,"T",1,"Target","",174,"ARTIF SWEETN",,,
175,"ISOGLUCOSE",1,"B",1,"","",172,"GLUC. DEXTR.",1,2543,"SWEETENERS, OTHER &PROD"
176,"BEANS, DRY",1,"T",1,"Target","",176,"BEANS, DRY",,,
181,"BRD BEANS,DR",1,"T",1,"Target","",181,"BRD BEANS,DR",,,
187,"PEAS, DRY",1,"T",1,"Target","",187,"PEAS, DRY",,,
191,"CHICK PEAS",1,"T",1,"Target","",191,"CHICK PEAS",,,
195,"COW PEAS,DRY",1,"T",1,"Target","",195,"COW PEAS,DRY",,,
197,"PIGEON PEAS",1,"T",1,"Target","",197,"PIGEON PEAS",,,
201,"LENTILS",1,"T",1,"Target","",201,"LENTILS",,,
203,"BAMBARA BEAN",1,"T",1,"Target","",203,"BAMBARA BEAN",,,
205,"VETCHES",1,"T",1,"Target","",205,"VETCHES",,,
210,"LUPINS",1,"T",1,"Target","",210,"LUPINS",,,
211,"PULSES NES",1,"T",1,"Target","",211,"PULSES NES",,2549,"PULSES, OTHER & PROD."
212,"FLOUR PULSES",1,"B",1,"","",211,"PULSES NES",1.25,2549,"PULSES, OTHER & PROD."
213,"BRAN PULSES",1,"B",0,"Target","(cal.)",213,"BRAN PULSES",,,
216,"BRAZIL NUTS",1,"T",1,"Target","",216,"BRAZIL NUTS",,2551,"NUTS & PRODUCTS"
217,"CASHEW NUTS",1,"T",1,"Target","",217,"CASHEW NUTS",,2551,"NUTS & PRODUCTS"
220,"CHESTNUTS",1,"T",1,"Target","",220,"CHESTNUTS",,,
221,"ALMONDS",1,"T",1,"Target","",221,"ALMONDS",,2551,"NUTS & PRODUCTS"
222,"WALNUTS",1,"T",1,"Target","",222,"WALNUTS",,2551,"NUTS & PRODUCTS"
223,"PISTACHIOS",1,"T",1,"Target","",223,"PISTACHIOS",,,
224,"KOLANUTS",1,"T",1,"Target","",224,"KOLANUTS",,,
225,"HAZELNUTS",1,"T",1,"Target","",225,"HAZELNUTS",,2551,"NUTS & PRODUCTS"
226,"ARECANUTS",1,"T",1,"Target","",226,"ARECANUTS",,,
229,"BRAZILNUT SH",1,"B",1,"","",216,"BRAZIL NUTS",1.8182,2551,"NUTS & PRODUCTS"
230,"CASHEW SHE",1,"B",1,"","",217,"CASHEW NUTS",4.5455,2551,"NUTS & PRODUCTS"
231,"ALMONDS SHE",1,"B",1,"","",221,"ALMONDS",1.8868,2551,"NUTS & PRODUCTS"
232,"WALNUTS SHE",1,"B",1,"","",222,"WALNUTS",2,2551,"NUTS & PRODUCTS"
233,"HAZELNUTS SH",1,"B",1,"","",225,"HAZELNUTS",2.1277,2551,"NUTS & PRODUCTS"
234,"NUTS NES",1,"T",1,"Target","",234,"NUTS NES",,2551,"NUTS & PRODUCTS"
235,"PREPRD NUTS",1,"B",1,"","",234,"NUTS NES",2.5,2551,"NUTS & PRODUCTS"
236,"SOYBEANS",1,"T",1,"Target","",236,"SOYBEANS",,2555,"SOYABEANS & PRODUCTS"
237,"OIL SOYABEAN",1,"T",1,"Target","",237,"OIL SOYABEAN",,,
238,"CAKE SOYBEAN",1,"T",0,"Target","",238,"CAKE SOYBEAN",,,
239,"SOYA SAUCE",1,"B",1,"","",236,"SOYBEANS",0.3333,2555,"SOYABEANS & PRODUCTS"
240,"SOYA PASTE",1,"B",1,"","",236,"SOYBEANS",0.2222,2555,"SOYABEANS & PRODUCTS"
241,"SOYA CURD",1,"B",1,"","",236,"SOYBEANS",0.2703,2555,"SOYABEANS & PRODUCTS"
242,"GROUNDNUTS",1,"T",1,"Target","",242,"GROUNDNUTS",,2556,"GROUNDNUTS (SHELLEDEQ.)"
243,"GROUNDNT SHE",1,"B",1,"","",242,"GROUNDNUTS",1.4286,2556,"GROUNDNUTS (SHELLEDEQ.)"
244,"OIL GROUNDNT",1,"T",1,"Target","",244,"OIL GROUNDNT",,,
245,"CAKE GROUNDT",1,"T",0,"Target","",245,"CAKE GROUNDT",,,
246,"PREP GROUND.",1,"B",1,"","",242,"GROUNDNUTS",1.4286,2556,"GROUNDNUTS (SHELLEDEQ.)"
247,"PEANUT BUTTE",1,"B",1,"","",242,"GROUNDNUTS",1.4286,2556,"GROUNDNUTS (SHELLEDEQ.)"
249,"COCONUTS",1,"T",1,"Target","",249,"COCONUTS",,2560,"COCONUTS & COPRA"
250,"COCONUTS,DES",1,"B",1,"","",249,"COCONUTS",5,2560,"COCONUTS & COPRA"
251,"COPRA",1,"B",1,"","",249,"COCONUTS",4,2560,"COCONUTS & COPRA"
252,"OIL COCONUTS",1,"T",1,"Target","",252,"OIL COCONUTS",,,
253,"CAKE COCONUT",1,"T",0,"Target","",253,"CAKE COCONUT",,,
254,"OIL PALM FR",1,"T",1,"Target","",254,"OIL PALM FR",,,
256,"PALM KERNELS",1,"T",1,"Target","",256,"PALM KERNELS",,,
257,"PALM OIL",1,"T",1,"Target","",257,"PALM OIL",,2577,"PALM, OIL"
258,"OIL,PALM KER",1,"T",1,"Target","",258,"OIL,PALM KER",,,
259,"CAKE,PLM KER",1,"T",0,"Target","",259,"CAKE,PLM KER",,,
260,"OLIVES",1,"T",1,"Target","",260,"OLIVES",,2563,"OLIVES"
261,"OLIVE OIL",1,"T",1,"Target","",261,"OLIVE OIL",,,
262,"OLIVES,PRES",1,"B",1,"","",260,"OLIVES",1,2563,"OLIVES"
263,"KARITE NUTS",1,"T",1,"Target","",263,"KARITE NUTS",,,
264,"KARIT NT BUT",1,"T",1,"Target","",264,"KARIT NT BUT",,,
265,"CASTOR BEANS",1,"T",1,"Target","",265,"CASTOR BEANS",,,
266,"OIL CAST BNS",1,"T",1,"Target","",266,"OIL CAST BNS",,2586,"OILCROPS, OTHER OIL"
267,"SUNFLWR SEED",1,"T",1,"Target","",267,"SUNFLWR SEED",,,
268,"OIL SUNF SD",1,"T",1,"Target","",268,"OIL SUNF SD",,,
269,"CAKE SUNF SD",1,"T",0,"Target","",269,"CAKE SUNF SD",,,
270,"RAPESEED",1,"T",1,"Target","",270,"RAPESEED",,,
271,"OIL RAPESEED",1,"T",1,"Target","",271,"OIL RAPESEED",,,
272,"CAKE RAPESED",1,"T",0,"Target","",272,"CAKE RAPESED",,,
273,"OLIVE RESID",1,"T",1,"Target","",273,"OLIVE RESID",,,
274,"OIL OLIVERES",1,"T",1,"Target","",274,"OIL OLIVERES",,,
275,"TUNG NUTS",1,"T",1,"Target","",275,"TUNG NUTS",,,
276,"TUNG OIL",1,"T",1,"Target","",276,"TUNG OIL",,,
277,"JOJOBA SEEDS",1,"T",1,"Target","",277,"JOJOBA SEEDS",,,
278,"JOJOBA OIL",1,"T",1,"Target","",278,"JOJOBA OIL",,,
280,"SAFFLOWER",1,"T",1,"Target","",280,"SAFFLOWER",,,
281,"OIL SAFFLWR",1,"T",1,"Target","",281,"OIL SAFFLWR",,,
282,"CAKE SAFFLWR",1,"T",0,"Target","",282,"CAKE SAFFLWR",,,
289,"SESAME SEED",1,"T",1,"Target","",289,"SESAME SEED",,,
290,"OIL SES SD",1,"T",1,"Target","",290,"OIL SES SD",,,
291,"CAKE SES SD",1,"T",0,"Target","",291,"CAKE SES SD",,,
292,"MUSTARD SEED",1,"T",1,"Target","",292,"MUSTARD SEED",,2558,"RAPE, MUSTARD SEEDS"
293,"OIL MUST SD",1,"T",1,"Target","",293,"OIL MUST SD",,,
294,"CAKE MUSTARD",1,"T",0,"Target","",294,"CAKE MUSTARD",,,
295,"FLOUR MUSTAR",1,"B",1,"","",292,"MUSTARD SEED",1.25,2558,"RAPE, MUSTARD SEEDS"
296,"POPPY SEED",1,"T",1,"Target","",296,"POPPY SEED",,,
297,"OIL POP SD",1,"T",1,"Target","",297,"OIL POP SD",,,
298,"CAKE POP SD",1,"T",0,"Target","",298,"CAKE POP SD",,,
299,"MELONSEED",1,"T",1,"Target","",299,"MELONSEED",,,
305,"TALLOW SEEDS",1,"T",1,"Target","",305,"TALLOW SEEDS",,,
306,"VEG TALLOW",1,"T",0,"Target","",306,"VEG TALLOW",,,
307,"STILLING OIL",1,"T",1,"Target","",307,"STILLING OIL",,,
310,"KAPOK FRUIT",1,"T",1,"Target","",310,"KAPOK FRUIT",,,
311,"KAPOKSEED SH",1,"F",1,"","",312,"KAPOKSEE SHD",0.5,2570,"OILCROPS, OTHERS"
312,"KAPOKSEE SHD",1,"T",1,"Target","",312,"KAPOKSEE SHD",,2570,"OILCROPS, OTHERS"
313,"OIL OF KAPOK",1,"T",1,"Target","",313,"OIL OF KAPOK",,,
314,"CAKE KAPOK",1,"T",0,"Target","",314,"CAKE KAPOK",,,
328,"SEED COTTON",1,"F",1,"","",329,"COTTONSEED",0.6667,2559,"COTTONSEED"
328,"SEED COTTON",1,"F",1,"","",767,"COTTON LINT",0.3333,2661,"COTTON, LINT"
328,"SEED COTTON",1,"F",1,"","",769,"COTTON WASTE",0.025,0,""
329,"COTTONSEED",1,"T",1,"Target","",329,"COTTONSEED",,2559,"COTTONSEED"
331,"OIL COTTON S",1,"T",1,"Target","",331,"OIL COTTON S",,,
332,"CAKE COTTON",1,"T",0,"Target","",332,"CAKE COTTON",,,
333,"LINSEED",1,"T",1,"Target","",333,"LINSEED",,,
334,"OIL LINSEED",1,"T",1,"Target","",334,"OIL LINSEED",,2586,"OILCROPS, OTHER OIL"
335,"CAKE LINSEED",1,"T",0,"Target","",335,"CAKE LINSEED",,,
336,"HEMPSEED",1,"T",1,"Target","",336,"HEMPSEED",,,
337,"OIL HEMPSD",1,"T",1,"Target","",337,"OIL HEMPSD",,,
338,"CAKE HEMPSD",1,"T",0,"Target","",338,"CAKE HEMPSD",,,
339,"OILSEEDS NES",1,"T",1,"Target","",339,"OILSEEDS NES",,2570,"OILCROPS, OTHERS"
340,"OIL VG OR NS",1,"T",1,"Target","",340,"OIL VG OR NS",,2586,"OILCROPS, OTHER OIL"
341,"CAK OILSD NS",1,"T",0,"Target","",341,"CAK OILSD NS",,,
343,"OIL MEALS",1,"B",1,"","",339,"OILSEEDS NES",1.4286,2570,"OILCROPS, OTHERS"
358,"CABBAGES",1,"T",1,"Target","",358,"CABBAGES",,,
366,"ARTICHOKES",1,"T",1,"Target","",366,"ARTICHOKES",,,
367,"ASPARAGUS",1,"T",1,"Target","",367,"ASPARAGUS",,,
372,"LETTUCE",1,"T",1,"Target","",372,"LETTUCE",,,
373,"SPINACH",1,"T",1,"Target","",373,"SPINACH",,,
378,"CASSAVA LEAV",1,"T",1,"Target","",378,"CASSAVA LEAV",,,
388,"TOMATOES",1,"T",1,"Target","",388,"TOMATOES",,2601,"TOMATOES & PRODUCTS"
389,"TOMATO CONC",1,"B",1,"","",388,"TOMATOES",1.3333,2601,"TOMATOES & PRODUCTS"
390,"TOMATO SING",1,"B",1,"","",388,"TOMATOES",1.1111,2601,"TOMATOES & PRODUCTS"
391,"TOMATO PASTE",1,"B",1,"","",388,"TOMATOES",3.3333,2601,"TOMATOES & PRODUCTS"
392,"PEELD TOMATO",1,"B",1,"","",388,"TOMATOES",1.1765,2601,"TOMATOES & PRODUCTS"
393,"CAULIFLOWER",1,"T",1,"Target","",393,"CAULIFLOWER",,,
394,"PUMPK+SQ+GRD",1,"T",1,"Target","",394,"PUMPK+SQ+GRD",,,
397,"CUCMBR+GHERK",1,"T",1,"Target","",397,"CUCMBR+GHERK",,,
399,"EGGPLANTS",1,"T",1,"Target","",399,"EGGPLANTS",,,
401,"CHIL+PEP,GRN",1,"T",1,"Target","",401,"CHIL+PEP,GRN",,,
402,"ONIONS,GREEN",1,"T",1,"Target","",402,"ONIONS,GREEN",,,
403,"ONIONS, DRY",1,"T",1,"Target","",403,"ONIONS, DRY",,,
406,"GARLIC",1,"T",1,"Target","",406,"GARLIC",,,
407,"LEEKS AND OT",1,"T",1,"Target","",407,"LEEKS AND OT",,,
414,"BEANS, GREEN",1,"T",1,"Target","",414,"BEANS, GREEN",,,
417,"PEAS, GREEN",1,"T",1,"Target","",417,"PEAS, GREEN",,,
420,"BRD BEAN,GRN",1,"T",1,"Target","",420,"BRD BEAN,GRN",,,
423,"STRING BEANS",1,"T",1,"Target","",423,"STRING BEANS",,,
426,"CARROTS",1,"T",1,"Target","",426,"CARROTS",,,
430,"OKRA",1,"T",1,"Target","",430,"OKRA",,,
446,"GREEN CORN",1,"T",1,"Target","",446,"GREEN CORN",,2605,"VEGETABLES, OTHER &PROD"
447,"SWEET CORN F",1,"B",1,"","",446,"GREEN CORN",1,2605,"VEGETABLES, OTHER &PROD"
448,"SWEET CORN P",1,"B",1,"","",446,"GREEN CORN",1,2605,"VEGETABLES, OTHER &PROD"
449,"MUSHROOMS",1,"T",1,"Target","",449,"MUSHROOMS",,2605,"VEGETABLES, OTHER &PROD"
450,"DRIED MUSH",1,"B",1,"","",449,"MUSHROOMS",4,2605,"VEGETABLES, OTHER &PROD"
451,"CANNED MUSH",1,"B",1,"","",449,"MUSHROOMS",0.8696,2605,"VEGETABLES, OTHER &PROD"
459,"CHICORY ROOT",1,"T",1,"Target","",459,"CHICORY ROOT",,2605,"VEGETABLES, OTHER &PROD"
460,"VEG PR FR DR",1,"T",1,"Target","",460,"VEG PR FR DR",,,
461,"CAROBS",1,"T",1,"Target","",461,"CAROBS",,,
463,"VEGETABLES F",1,"T",1,"Target","",463,"VEGETABLES F",,2605,"VEGETABLES, OTHER &PROD"
464,"VEGET DR NES",1,"B",1,"","",463,"VEGETABLES F",5,2605,"VEGETABLES, OTHER &PROD"
465,"VEGT CAN NES",1,"B",1,"","",463,"VEGETABLES F",1.1111,2605,"VEGETABLES, OTHER &PROD"
466,"JUICE VEG NS",1,"B",1,"","",463,"VEGETABLES F",1.1765,2605,"VEGETABLES, OTHER &PROD"
469,"VEGS DEHYDR",1,"B",1,"","",463,"VEGETABLES F",6.6667,2605,"VEGETABLES, OTHER &PROD"
471,"VEGS VINEGAR",1,"B",1,"","",463,"VEGETABLES F",1.1364,2605,"VEGETABLES, OTHER &PROD"
472,"VEGS PR NES",1,"B",1,"","",463,"VEGETABLES F",1.1364,2605,"VEGETABLES, OTHER &PROD"
473,"VEGS FROZEN",1,"B",1,"","",463,"VEGETABLES F",1.1364,2605,"VEGETABLES, OTHER &PROD"
474,"VEGS TEMP PR",1,"B",1,"","",463,"VEGETABLES F",1.1364,2605,"VEGETABLES, OTHER &PROD"
475,"VEG.PREP OR",1,"B",1,"","",463,"VEGETABLES F",1,2605,"VEGETABLES, OTHER &PROD"
476,"HOMOGENIZED",1,"B",1,"","",463,"VEGETABLES F",1,2605,"VEGETABLES, OTHER &PROD"
486,"BANANAS",1,"T",1,"Target","",486,"BANANAS",,,
489,"PLANTAINS",1,"T",1,"Target","",489,"PLANTAINS",,,
490,"ORANGES",1,"T",1,"Target","",490,"ORANGES",,2611,"ORANGES,TANG MAND &PROD."
491,"ORANJ SING S",1,"B",1,"","",490,"ORANGES",4,2611,"ORANGES,TANG MAND &PROD."
492,"ORANJ CONC",1,"B",1,"","",490,"ORANGES             1",0,2611,"ORANGES,TANG MAND &PROD."
495,"TANGERINES",1,"T",1,"Target","",495,"TANGERINES",,2611,"ORANGES,TANG MAND &PROD."
496,"TANGER JUICE",1,"B",1,"","",495,"TANGERINES",5,2611,"ORANGES,TANG MAND &PROD."
497,"LEMONS LIMES",1,"T",1,"Target","",497,"LEMONS LIMES",,2612,"LEMONS, LIMES & PROD."
498,"LEMONJ SIN S",1,"B",1,"","",497,"LEMONS LIMES",4,2612,"LEMONS, LIMES & PROD."
499,"LEMONJ CONC",1,"B",1,"","",497,"LEMONS LIMES        1",2.5,2612,"LEMONS, LIMES & PROD."
507,"GRAPEFRUIT",1,"T",1,"Target","",507,"GRAPEFRUIT",,2613,"GRAPEFRUIT & PRODUCTS"
509,"GRAPEFRJ S S",1,"B",1,"","",507,"GRAPEFRUIT",4,2613,"GRAPEFRUIT & PRODUCTS"
510,"GRAPEFRJ CON",1,"B",1,"","",507,"GRAPEFRUIT",6.6667,2613,"GRAPEFRUIT & PRODUCTS"
512,"CITR FRT NES",1,"T",1,"Target","",512,"CITR FRT NES",,2614,"CITRUS FRUIT NES &PROD."
513,"CITRUSJ SING",1,"B",1,"","",512,"CITR FRT NES",2.2222,2614,"CITRUS FRUIT NES &PROD."
514,"CITRUSJ CONC",1,"B",1,"","",512,"CITR FRT NES        1",0,2614,"CITRUS FRUIT NES &PROD."
515,"APPLES",1,"T",1,"Target","",515,"APPLES",,2617,"APPLES & PRODUCTS"
517,"FERM BEVERAG",1,"T",1,"Target","",517,"FERM BEVERAG",,,
518,"APPLEJ SIN S",1,"B",1,"","",515,"APPLES",2.8571,2617,"APPLES & PRODUCTS"
519,"APPLEJ CONC",1,"B",1,"","",515,"APPLES              1",0,2617,"APPLES & PRODUCTS"
521,"PEARS",1,"T",1,"Target","",521,"PEARS",,,
523,"QUINCES",1,"T",1,"Target","",523,"QUINCES",,,
526,"APRICOTS",1,"T",1,"Target","",526,"APRICOTS",,2625,"FRUIT, OTHER & PRODUCTS"
527,"DRY APRICOTS",1,"B",1,"","",526,"APRICOTS",5,2625,"FRUIT, OTHER & PRODUCTS"
530,"SOUR CHERRY",1,"T",1,"Target","",530,"SOUR CHERRY",,,
531,"CHERRIES",1,"T",1,"Target","",531,"CHERRIES",,,
534,"PEACHES",1,"T",1,"Target","",534,"PEACHES",,,
536,"PLUMS",1,"T",1,"Target","",536,"PLUMS",,2625,"FRUIT, OTHER & PRODUCTS"
537,"PLUMS, DRIED",1,"B",1,"","",536,"PLUMS",2.6316,2625,"FRUIT, OTHER & PRODUCTS"
538,"PLUMJ,SING S",1,"B",1,"","",536,"PLUMS",3.3333,2625,"FRUIT, OTHER & PRODUCTS"
539,"PLUMJ CONC",1,"B",1,"","",536,"PLUMS",6.6667,2625,"FRUIT, OTHER & PRODUCTS"
541,"STONE FRUIT",1,"T",1,"Target","",541,"STONE FRUIT",,,
542,"POME FRUIT",1,"T",1,"Target","",542,"POME FRUIT",,,
544,"STRAWBERRIES",1,"T",1,"Target","",544,"STRAWBERRIES",,,
547,"RASPBERRIES",1,"T",1,"Target","",547,"RASPBERRIES",,,
549,"GOOSEBERRIES",1,"T",1,"Target","",549,"GOOSEBERRIES",,,
550,"CURRANTS",1,"T",1,"Target","",550,"CURRANTS",,,
552,"BLUEBERRIES",1,"T",1,"Target","",552,"BLUEBERRIES",,,
554,"CRANBERRIES",1,"T",1,"Target","",554,"CRANBERRIES",,,
558,"BERRIES NES",1,"T",1,"Target","",558,"BERRIES NES",,,
560,"GRAPES",1,"T",1,"Target","",560,"GRAPES",,2620,"GRAPES & PROD(EXCL.WINE)"
561,"RAISINS",1,"B",1,"","",560,"GRAPES",4,2620,"GRAPES & PROD(EXCL.WINE)"
562,"GRAPE JUICE",1,"B",1,"","",560,"GRAPES",1.25,2620,"GRAPES & PROD(EXCL.WINE)"
563,"MUST GRAPES",1,"B",1,"","",560,"GRAPES",1.25,2620,"GRAPES & PROD(EXCL.WINE)"
564,"WINE",1,"T",1,"Target","",564,"WINE",,2655,"WINE"
565,"VERMTH SIMIL",1,"B",1,"","",564,"WINE",1,2655,"WINE"
566,"GRAPE MARC",1,"B",0,"Target","",566,"GRAPE MARC",,,
567,"WATERMELONS",1,"T",1,"Target","",567,"WATERMELONS",,,
568,"MELONS",1,"T",1,"Target","",568,"MELONS",,,
569,"FIGS",1,"T",1,"Target","",569,"FIGS",,2625,"FRUIT, OTHER & PRODUCTS"
570,"FIGS, DRIED",1,"B",1,"","",569,"FIGS",3.0303,2625,"FRUIT, OTHER & PRODUCTS"
571,"MANGOES",1,"T",1,"Target","",571,"MANGOES",,2625,"FRUIT, OTHER & PRODUCTS"
572,"AVOCADOS",1,"T",1,"Target","",572,"AVOCADOS",,,
574,"PINEAPPLES",1,"T",1,"Target","",574,"PINEAPPLES",,2618,"PINEAPPLES & PRODUCTS"
575,"PINEAPPL CAN",1,"B",1,"","",574,"PINEAPPLES",0.9091,2618,"PINEAPPLES & PRODUCTS"
576,"PINEAPPLEJ S",1,"B",1,"","",574,"PINEAPPLES",0.9091,2618,"PINEAPPLES & PRODUCTS"
577,"DATES",1,"T",1,"Target","",577,"DATES",,,
580,"PINEAPPLEJ C",1,"B",1,"","",574,"PINEAPPLES",4,2618,"PINEAPPLES & PRODUCTS"
583,"MANGO JUICE",1,"B",1,"","",571,"MANGOES",2.2222,2625,"FRUIT, OTHER & PRODUCTS"
584,"MANGO PULP",1,"B",0,"Target","",584,"MANGO PULP",,,
587,"PERSIMMONS",1,"T",1,"Target","",587,"PERSIMMONS",,,
591,"CASHEWAPPLE",1,"T",1,"Target","",591,"CASHEWAPPLE",,,
592,"KIWI",1,"T",1,"Target","",592,"KIWI",,,
600,"PAPAYAS",1,"T",1,"Target","",600,"PAPAYAS",,,
603,"FRT TROP NES",1,"T",1,"Target","",603,"FRT TROP NES",,2625,"FRUIT, OTHER & PRODUCTS"
604,"FR TRP DR NS",1,"B",1,"","",603,"FRT TROP NES",4,2625,"FRUIT, OTHER & PRODUCTS"
619,"FRUIT NES",1,"T",1,"Target","",619,"FRUIT NES",,2625,"FRUIT, OTHER & PRODUCTS"
620,"FRUIT DR NES",1,"B",1,"","",619,"FRUIT NES",4,2625,"FRUIT, OTHER & PRODUCTS"
622,"FRUIT JUICE",1,"B",1,"","",619,"FRUIT NES",2,2625,"FRUIT, OTHER & PRODUCTS"
623,"FRUIT PR NES",1,"B",1,"","",619,"FRUIT NES",1.25,2625,"FRUIT, OTHER & PRODUCTS"
624,"FLOUR FRUIT",1,"B",1,"","",619,"FRUIT NES",5,2625,"FRUIT, OTHER & PRODUCTS"
625,"FRUIT,NUT,PE",1,"B",1,"","",536,"PLUMS",6.6667,2625,"FRUIT, OTHER & PRODUCTS"
626,"HOMOGEN.COOK",1,"B",1,"","",536,"PLUMS",1,2625,"FRUIT, OTHER & PRODUCTS"
628,"FR PULP FEED",1,"T",1,"Target","",628,"FR PULP FEED",,,
629,"BEET TOPS",1,"T",1,"Target","",629,"BEET TOPS",,,
630,"CANE TOPS",1,"T",1,"Target","",630,"CANE TOPS",,,
631,"WATERS,ICE E",1,"T",1,"Target","",631,"WATERS,ICE E",,,
632,"ALC NON FOOD",1,"T",1,"Target","",632,"ALC NON FOOD",,,
633,"BEV NON ALC",1,"B",1,"","",172,"GLUC. DEXTR.",0.25,2543,"SWEETENERS, OTHER &PROD"
634,"BEV DIS ALC",1,"T",1,"Target","",634,"BEV DIS ALC",,,
635,"STRAW, HUSKS",1,"T",1,"Target","",635,"STRAW, HUSKS",,,
636,"MAIZE FD+SIL",1,"T",1,"Target","",636,"MAIZE FD+SIL",,,
637,"SORGHUM FS",1,"T",1,"Target","",637,"SORGHUM FS",,,
638,"RYE GRASS FS",1,"T",1,"Target","",638,"RYE GRASS FS",,,
639,"GRASSES FS",1,"T",1,"Target","",639,"GRASSES FS",,,
640,"CLOVER FS",1,"T",1,"Target","",640,"CLOVER FS",,,
641,"ALFALFA FS",1,"T",1,"Target","",641,"ALFALFA FS",,,
642,"G OILSEED FS",1,"T",1,"Target","",642,"G OILSEED FS",,,
643,"LEGUMIN FS",1,"T",1,"Target","",643,"LEGUMIN FS",,,
644,"CABBAGE FOD",1,"T",1,"Target","",644,"CABBAGE FOD",,,
645,"PUMPKINS FOD",1,"T",1,"Target","",645,"PUMPKINS FOD",,,
646,"TURNIPS FOD",1,"T",1,"Target","",646,"TURNIPS FOD",,,
647,"BEETS FODDER",1,"T",1,"Target","",647,"BEETS FODDER",,,
648,"CARROTS FOD",1,"T",1,"Target","",648,"CARROTS FOD",,,
649,"SWEDES FOD",1,"T",1,"Target","",649,"SWEDES FOD",,,
650,"LEAVES+TOPS",1,"T",1,"Target","",650,"LEAVES+TOPS",,,
651,"FORAGE PROD",1,"T",1,"Target","",651,"FORAGE PROD",,,
652,"VEG PROD",1,"T",1,"Target","",652,"VEG PROD",,,
653,"FOOD WASTES",1,"T",1,"Target","",653,"FOOD WASTES",,,
654,"DREGS,BR+DIS",1,"T",1,"Target","",654,"DREGS,BR+DIS",,,
655,"VEG ROOT FOD",1,"T",1,"Target","",655,"VEG ROOT FOD",,,
656,"COFFEE,GREEN",1,"T",1,"Target","",656,"COFFEE,GREEN",,2630,"COFFEE & PRODUCTS"
657,"COFFEE ROAST",1,"B",1,"","",656,"COFFEE,GREEN",1.1905,2630,"COFFEE & PRODUCTS"
658,"COFFEE SUBST",1,"B",1,"","",459,"CHICORY ROOT",3.0303,2605,"VEGETABLES, OTHER &PROD"
659,"COFFEE EXTR",1,"B",1,"","",656,"COFFEE,GREEN",2.5974,2630,"COFFEE & PRODUCTS"
660,"COFFEE HUSKS",1,"T",1,"Target","",660,"COFFEE HUSKS",,,
661,"COCOA BEANS",1,"T",1,"Target","",661,"COCOA BEANS",,2633,"COCOA BEANS & PRODUCTS"
662,"COCOA PASTE",1,"B",1,"","",661,"COCOA BEANS",1.25,2633,"COCOA BEANS & PRODUCTS"
663,"COCOA HUSKS",1,"B",0,"Target","",663,"COCOA HUSKS",,,
664,"COCOA BUTTER",1,"B",0,"Target","",664,"COCOA BUTTER",,,
665,"COCOA POWDER",1,"B",1,"","",661,"COCOA BEANS",2.3585,2633,"COCOA BEANS & PRODUCTS"
666,"CHOC PROD NS",1,"B",1,"","",661,"COCOA BEANS",0.5019,2633,"COCOA BEANS & PRODUCTS"
667,"TEA",1,"T",1,"Target","",667,"TEA",,,
671,"MATE",1,"T",1,"Target","",671,"MATE",,,
672,"EXTRACT TEA,",1,"T",1,"Target","",672,"EXTRACT TEA,",,,
674,"TEA NES",1,"T",1,"Target","",674,"TEA NES",,,
677,"HOPS",1,"T",1,"Target","",677,"HOPS",,,
687,"PEPPER W/L/B",1,"T",1,"Target","",687,"PEPPER W/L/B",,,
689,"PIMENTO",1,"T",1,"Target","",689,"PIMENTO",,,
692,"VANILLA",1,"T",1,"Target","",692,"VANILLA",,,
693,"CINNAMON",1,"T",1,"Target","",693,"CINNAMON",,,
698,"CLOVES",1,"T",1,"Target","",698,"CLOVES",,,
702,"NUTMEG",1,"T",1,"Target","",702,"NUTMEG",,,
711,"ANISE",1,"T",1,"Target","",711,"ANISE",,,
720,"GINGER",1,"T",1,"Target","",720,"GINGER",,,
723,"SPICES NES",1,"T",1,"Target","",723,"SPICES NES",,,
737,"OIL CITRONLL",1,"T",1,"Target","",737,"OIL CITRONLL",,,
748,"PEPPERMINT",1,"T",1,"Target","",748,"PEPPERMINT",,,
753,"ESS OILS NES",1,"T",1,"Target","",753,"ESS OILS NES",,,
754,"PYR DR FLOWR",1,"T",1,"Target","",754,"PYR DR FLOWR",,0,""
755,"PYRET EXTR.",1,"B",1,"","",754,"PYR DR FLOWR        2",0,0,""
756,"PYRET MARC",1,"B",0,"Target","",756,"PYRET MARC",,,
767,"COTTON LINT",1,"T",1,"Target","",767,"COTTON LINT",,2661,"COTTON, LINT"
768,"COTTON CARDD",1,"T",1,"Target","",768,"COTTON CARDD",,,
769,"COTTON WASTE",1,"T",1,"Target","",769,"COTTON WASTE",,0,""
770,"COTTON LINTR",1,"T",0,"Target","",770,"COTTON LINTR",,,
771,"FLAX RAW",1,"T",1,"Target","",771,"FLAX RAW",,,
773,"FLAX FIBRE",1,"T",1,"Target","",773,"FLAX FIBRE",,,
774,"FLAX TOW",1,"T",1,"Target","",774,"FLAX TOW",,,
777,"HEMP FIBRE",1,"T",1,"Target","",777,"HEMP FIBRE",,,
778,"KAPOK FIBRE",1,"T",0,"Target","",778,"KAPOK FIBRE",,,
780,"JUTE",1,"T",1,"Target","",780,"JUTE",,,
782,"JUTE LIKE",1,"T",1,"Target","",782,"JUTE LIKE",,,
788,"RAMIE",1,"T",1,"Target","",788,"RAMIE",,,
789,"SISAL",1,"T",1,"Target","",789,"SISAL",,,
800,"AGAVE NES",1,"T",1,"Target","",800,"AGAVE NES",,,
809,"ABACA",1,"T",1,"Target","",809,"ABACA",,,
813,"COIR",1,"T",1,"Target","",813,"COIR",,,
821,"FIBRE NES",1,"T",1,"Target","",821,"FIBRE NES",,,
826,"TOBACCO",1,"T",1,"Target","",826,"TOBACCO",,2671,"TOBACCO &  PRODUCTS"
828,"CIGARETTES",1,"B",1,"","",826,"TOBACCO",0.9091,2671,"TOBACCO &  PRODUCTS"
829,"CIGARS",1,"B",1,"","",826,"TOBACCO",1,2671,"TOBACCO &  PRODUCTS"
831,"TOBACCO PROD",1,"B",1,"","",826,"TOBACCO",1,2671,"TOBACCO &  PRODUCTS"
836,"NAT RUBBER",1,"T",1,"Target","",836,"NAT RUBBER",,2672,"NATURAL RUBBER (DRYEQ.)"
837,"RUBBER DRY",1,"B",1,"","",836,"NAT RUBBER",1,2672,"NATURAL RUBBER (DRYEQ.)"
839,"NATURAL GUMS",1,"T",1,"Target","",839,"NATURAL GUMS",,,
840,"COM FEED CAT",1,"T",1,"Target","",840,"COM FEED CAT",,,
841,"COM FEED POU",1,"T",1,"Target","",841,"COM FEED POU",,,
842,"COM FEED PIG",1,"T",1,"Target","",842,"COM FEED PIG",,,
843,"PET FOOD",1,"T",1,"Target","",843,"PET FOOD",,,
845,"COM FEED OTH",1,"T",1,"Target","",845,"COM FEED OTH",,,
846,"GLUT FEED&ME",1,"B",1,"","",63,"MAIZE GLUTEN",0.5,2514,"MAIZE & PRODUCTS"
849,"FEED YEAST",1,"T",1,"Target","",849,"FEED YEAST",,,
850,"FEED SUP",1,"T",1,"Target","",850,"FEED SUP",,,
851,"NONPROT NITR",0,"T",1,"","",,,,,
852,"CONCENTR NES",1,"T",1,"Target","",852,"CONCENTR NES",,,
853,"VITAMINS",0,"T",1,"","",,,,,
854,"FEED ADDITIV",1,"T",1,"Target","",854,"FEED ADDITIV",,,
855,"FEED MINERAL",1,"T",1,"Target","",855,"FEED MINERAL",,,
857,"HAY NON LEG",1,"T",1,"Target","",857,"HAY NON LEG",,,
858,"HAY LEGUMIN",1,"T",1,"Target","",858,"HAY LEGUMIN",,,
859,"HAY UNSPECIF",1,"T",1,"Target","",859,"HAY UNSPECIF",,,
860,"RANGE PAST",1,"T",1,"Target","",860,"RANGE PAST",,,
861,"IMPROV PAST",1,"T",1,"Target","",861,"IMPROV PAST",,,
862,"ALFALFA MEAL",1,"T",1,"Target","",862,"ALFALFA MEAL",,,
864,"CALVES",0,"T",1,"","",,,,,
865,"VEAL",0,"T",1,"","",,,,,
866,"CATTLE",1,"T",1,"Target","",866,"CATTLE",,,
867,"BEEF VEAL",1,"T",1,"Target","",867,"BEEF VEAL",,2731,"MEAT & PRODUCTS, BOVINE"
868,"OFFALS CATTL",1,"T",1,"Target","",868,"OFFALS CATTL",,2736,"OFFALS, EDIBLE"
869,"FAT CATTLE",1,"T",1,"Target","",869,"FAT CATTLE",,2737,"FATS, ANIMALS, RAW"
870,"BEEF BONLESS",1,"B",1,"","",867,"BEEF VEAL",1.25,2731,"MEAT & PRODUCTS, BOVINE"
871,"CATTLE BUT F",1,"B",0,"Target","",871,"CATTLE BUT F",,,
872,"BEEF DSS",1,"B",1,"","",867,"BEEF VEAL",2.8125,2731,"MEAT & PRODUCTS, BOVINE"
873,"MEAT EXTRACT",1,"B",1,"","",867,"BEEF VEAL",5,2731,"MEAT & PRODUCTS, BOVINE"
874,"SAUSAGE BEEF",1,"B",1,"","",867,"BEEF VEAL",1.6072,2731,"MEAT & PRODUCTS, BOVINE"
875,"BEEF PREP",1,"B",1,"","",867,"BEEF VEAL",1.3235,2731,"MEAT & PRODUCTS, BOVINE"
876,"BEEF CANNED",1,"B",1,"","",867,"BEEF VEAL",1.1765,2731,"MEAT & PRODUCTS, BOVINE"
877,"HOMOGENIZED",1,"B",1,"","",867,"BEEF VEAL",0.2,2731,"MEAT & PRODUCTS, BOVINE"
878,"LIVER PREPAR",1,"B",1,"","",868,"OFFALS CATTL",1.3333,2736,"OFFALS, EDIBLE"
882,"COW MILK",1,"T",1,"Target","",882,"COW MILK",,2848,"MILK & PROD (EXCL BUTTER"
883,"STANDAR MILK",1,"T",1,"Target","",883,"STANDAR MILK",,,
885,"CREAM, FRESH",1,"B",0,"Target","",885,"CREAM, FRESH",,,
886,"BUTTER, COWS",1,"B",0,"Target","",886,"BUTTER, COWS",,,
887,"GHEE, COWS",1,"B",0,"Target","",887,"GHEE, COWS",,,
888,"SK MILK COWS",1,"B",1,"","",882,"COW MILK",1.0527,2848,"MILK & PROD (EXCL BUTTER"
889,"WH MILK,COND",1,"B",1,"","",882,"COW MILK",2.8571,2848,"MILK & PROD (EXCL BUTTER"
890,"WHEY,CONDENS",1,"B",1,"","",903,"WHEY, FRESH",4,2848,"MILK & PROD (EXCL BUTTER"
891,"YOGHURT",1,"B",1,"","",882,"COW MILK",1.25,2848,"MILK & PROD (EXCL BUTTER"
892,"YOGHURT CONC",1,"B",1,"","",882,"COW MILK",1.5625,2848,"MILK & PROD (EXCL BUTTER"
893,"BUTTERM,CURD",1,"B",1,"","",882,"COW MILK",1,2848,"MILK & PROD (EXCL BUTTER"
894,"WH MILK,EVAP",1,"B",1,"","",882,"COW MILK",2.2222,2848,"MILK & PROD (EXCL BUTTER"
895,"SKMILK EVAP",1,"B",1,"","",882,"COW MILK",3.0078,2848,"MILK & PROD (EXCL BUTTER"
896,"SK MILK COND",1,"B",1,"","",882,"COW MILK",3.5091,2848,"MILK & PROD (EXCL BUTTER"
897,"COWMILK DRY",1,"B",1,"","",882,"COW MILK",7.6923,2848,"MILK & PROD (EXCL BUTTER"
898,"MILK SK DR C",1,"B",1,"","",882,"COW MILK            1",0.527,2848,"MILK & PROD (EXCL BUTTER"
899,"DRY BUTTERMK",1,"B",1,"","",882,"COW MILK            1",1.2785,2848,"MILK & PROD (EXCL BUTTER"
900,"DRY WHEY",1,"B",1,"","",903,"WHEY, FRESH         1",3.5135,2848,"MILK & PROD (EXCL BUTTER"
901,"CHEESE W COW",1,"B",1,"","",882,"COW MILK",6.6667,2848,"MILK & PROD (EXCL BUTTER"
903,"WHEY, FRESH",1,"B",0,"Target","(cal.)",903,"WHEY, FRESH",,2848,"MILK & PROD (EXCL BUTTER"
904,"CHEESE S COW",1,"B",1,"","",882,"COW MILK",9.57,2848,"MILK & PROD (EXCL BUTTER"
905,"WHEY CHEESE",1,"B",1,"","",903,"WHEY, FRESH         5",0,2848,"MILK & PROD (EXCL BUTTER"
907,"PROC CHEESE",1,"B",1,"","",882,"COW MILK",4.762,2848,"MILK & PROD (EXCL BUTTER"
908,"RECONS MILK",1,"B",1,"","",882,"COW MILK",0.7875,2848,"MILK & PROD (EXCL BUTTER"
909,"PROD.OF NAT.",1,"T",1,"Target","(cal.)",909,"PROD.OF NAT.",,,
910,"ICE CREAM AN",1,"T",1,"Target","(cal.)",910,"ICE CREAM AN",,,
916,"EGG ALBUMINE",1,"T",1,"Target","(cal.)",916,"EGG ALBUMINE",,,
917,"CASEIN",1,"B",1,"","",882,"COW MILK            3",5.0901,2848,"MILK & PROD (EXCL BUTTER"
918,"SUCKMILK CAT",0,"T",1,"","",,,,,
919,"CATTLE HIDES",1,"T",0,"Target","",919,"CATTLE HIDES",,2748,"HIDES & SKINS"
920,"HIDE W CATTL",1,"B",1,"","",919,"CATTLE HIDES",1.25,2748,"HIDES & SKINS"
921,"HIDE D CATTL",1,"B",1,"","",919,"CATTLE HIDES",2.5,2748,"HIDES & SKINS"
922,"HIDE N CATTL",1,"B",1,"","",919,"CATTLE HIDES",1.25,2748,"HIDES & SKINS"
927,"SKIN F CALVE",1,"T",1,"Target","",927,"SKIN F CALVE",,,
928,"SKIN W CALVE",1,"B",1,"","",919,"CATTLE HIDES",1.25,2748,"HIDES & SKINS"
929,"SKIN D CALVE",1,"B",1,"","",919,"CATTLE HIDES",2.5,2748,"HIDES & SKINS"
930,"SKIN N CATTL",1,"B",1,"","",919,"CATTLE HIDES",1.25,2748,"HIDES & SKINS"
944,"IND CATTMEAT",1,"T",1,"Target","",944,"IND CATTMEAT",,,
945,"BIO CATTMEAT",1,"T",1,"Target","",945,"BIO CATTMEAT",,,
946,"BUFFALOES",1,"T",1,"Target","",946,"BUFFALOES",,,
947,"BUFFALO MEAT",1,"T",1,"Target","",947,"BUFFALO MEAT",,,
948,"OFFAL BUFFAL",1,"T",1,"Target","",948,"OFFAL BUFFAL",,,
949,"FAT BUFFALO",1,"T",1,"Target","",949,"FAT BUFFALO",,,
951,"BUFFALO MILK",1,"T",1,"Target","",951,"BUFFALO MILK",,2848,"MILK & PROD (EXCL BUTTER"
952,"BUTTER BUFFL",1,"B",0,"Target","",952,"BUTTER BUFFL",,,
953,"GHEE BUFFALO",1,"B",0,"Target","",953,"GHEE BUFFALO",,,
954,"MILK SK BUFF",1,"B",1,"","",951,"BUFFALO MILK",1.0752,2848,"MILK & PROD (EXCL BUTTER"
955,"CHEES BUFFAL",1,"B",1,"","",951,"BUFFALO MILK",5.7644,2848,"MILK & PROD (EXCL BUTTER"
956,"SUCKMILK BUF",0,"T",1,"","",,,,,
957,"BUFFALO HIDE",1,"T",0,"Target","",957,"BUFFALO HIDE",,2748,"HIDES & SKINS"
958,"HIDE W BUFFL",1,"B",1,"","",957,"BUFFALO HIDE",1.25,2748,"HIDES & SKINS"
959,"HIDE D BUFFL",1,"B",1,"","",957,"BUFFALO HIDE",2.3585,2748,"HIDES & SKINS"
972,"IND BUFFMEAT",1,"T",1,"Target","",972,"IND BUFFMEAT",,,
973,"BIO BUFFMEAT",1,"T",1,"Target","",973,"BIO BUFFMEAT",,,
974,"LAMBS",0,"T",1,"","",,,,,
975,"LAMB MEAT",0,"T",1,"","",,,,,
976,"SHEEP",1,"T",1,"Target","",976,"SHEEP",,,
977,"MUTTON LAMB",1,"T",1,"Target","",977,"MUTTON LAMB",,,
978,"OFFALS SHEEP",1,"T",1,"Target","",978,"OFFALS SHEEP",,,
979,"FAT OF SHEEP",1,"T",1,"Target","",979,"FAT OF SHEEP",,,
982,"SHEEP MILK",1,"T",1,"Target","",982,"SHEEP MILK",,2848,"MILK & PROD (EXCL BUTTER"
983,"BUTTER SHEEP",1,"B",0,"Target","",983,"BUTTER SHEEP",,,
984,"SHEEP CHEESE",1,"B",1,"","",982,"SHEEP MILK",4.1506,2848,"MILK & PROD (EXCL BUTTER"
985,"SK MILK SHEE",1,"B",1,"","",982,"SHEEP MILK",1.0753,2848,"MILK & PROD (EXCL BUTTER"
986,"SUCKMILK SHE",0,"T",1,"","",,,,,
987,"WOOL, GREASY",1,"T",1,"Target","",987,"WOOL, GREASY",,,
988,"WOOL,SCOURED",1,"T",1,"Target","",988,"WOOL,SCOURED",,,
994,"GREASE WOOL",1,"T",1,"Target","",994,"GREASE WOOL",,,
995,"SHEEPSKINS",1,"T",1,"Target","",995,"SHEEPSKINS",,2748,"HIDES & SKINS"
996,"SKIN W SHEEP",1,"B",1,"","",995,"SHEEPSKINS",1.4286,2748,"HIDES & SKINS"
997,"SKIN D SHEEP",1,"B",1,"","",995,"SHEEPSKINS",2.8572,2748,"HIDES & SKINS"
998,"SKIN NES SH",1,"B",1,"","",995,"SHEEPSKINS",1.4286,2748,"HIDES & SKINS"
999,"SKINWOOL SH",1,"B",1,"","",995,"SHEEPSKINS",1.3333,2748,"HIDES & SKINS"
1002,"KARAKUL SKIN",1,"T",1,"Target","",1002,"KARAKUL SKIN",,,
1007,"WOOL SHODDY",1,"T",1,"Target","",1007,"WOOL SHODDY",,,
1008,"HAIR CARDED",1,"T",1,"Target","",1008,"HAIR CARDED",,,
1009,"WOOL WASTE",1,"T",1,"Target","",1009,"WOOL WASTE",,,
1010,"WOOL TOPS",1,"T",1,"Target","",1010,"WOOL TOPS",,,
1012,"IND SHEEMEAT",1,"T",1,"Target","",1012,"IND SHEEMEAT",,,
1013,"BIO SHEEMEAT",1,"T",1,"Target","",1013,"BIO SHEEMEAT",,,
1014,"KIDS",0,"T",1,"","",,,,,
1015,"KIDS MEAT",0,"T",1,"","",,,,,
1016,"GOATS",1,"T",1,"Target","",1016,"GOATS",,,
1017,"GOAT MEAT",1,"T",1,"Target","",1017,"GOAT MEAT",,,
1018,"OFFALS GOATS",1,"T",1,"Target","",1018,"OFFALS GOATS",,,
1019,"FAT OF GOATS",1,"T",1,"Target","",1019,"FAT OF GOATS",,,
1020,"GOAT MILK",1,"T",1,"Target","",1020,"GOAT MILK",,2848,"MILK & PROD (EXCL BUTTER"
1021,"GOAT CHEESE",1,"B",1,"","",1020,"GOAT MILK",4.4621,2848,"MILK & PROD (EXCL BUTTER"
1022,"BUTTER, GOAT",1,"B",0,"Target","",1022,"BUTTER, GOAT",,,
1023,"SK MILK GOAT",1,"B",1,"","",1020,"GOAT MILK",1.0526,2848,"MILK & PROD (EXCL BUTTER"
1024,"SUCKMILK GOA",0,"T",1,"","",,,,,
1025,"GOATSKINS",1,"T",1,"Target","",1025,"GOATSKINS",,2748,"HIDES & SKINS"
1026,"SKIN W GOAT",1,"B",1,"","",1025,"GOATSKINS",1.25,2748,"HIDES & SKINS"
1027,"SKIN D GOAT",1,"B",1,"","",1025,"GOATSKINS",2.5,2748,"HIDES & SKINS"
1028,"SKIN NES GOA",1,"B",1,"","",1025,"GOATSKINS",1.6393,2748,"HIDES & SKINS"
1030,"FINE GOAT HA",1,"T",1,"Target","",1030,"FINE GOAT HA",,,
1031,"COARSE GOA H",1,"T",1,"Target","",1031,"COARSE GOA H",,,
1032,"IND GOATMEAT",1,"T",1,"Target","",1032,"IND GOATMEAT",,,
1033,"BIO GOATMEAT",1,"T",1,"Target","",1033,"BIO GOATMEAT",,,
1034,"PIGS",1,"T",1,"Target","",1034,"PIGS",,,
1035,"PIGMEAT",1,"T",1,"Target","",1035,"PIGMEAT",,2733,"MEAT & PRODUCTS, PIG"
1036,"OFFALS PIGS",1,"T",1,"Target","",1036,"OFFALS PIGS",,,
1037,"FAT PIGS",1,"T",1,"Target","",1037,"FAT PIGS",,2737,"FATS, ANIMALS, RAW"
1038,"PORK",1,"B",1,"","",1035,"PIGMEAT",1.5385,2733,"MEAT & PRODUCTS, PIG"
1039,"BACON PIGS",1,"B",1,"","",1035,"PIGMEAT",1.25,2733,"MEAT & PRODUCTS, PIG"
1040,"PIG BUT FAT",1,"B",0,"Target","",1040,"PIG BUT FAT",,,
1041,"SAUSAGES PIG",1,"B",1,"","",1035,"PIGMEAT",1.5866,2733,"MEAT & PRODUCTS, PIG"
1042,"MEAT PR PIG",1,"B",1,"","",1035,"PIGMEAT",1.4931,2733,"MEAT & PRODUCTS, PIG"
1043,"LARD",1,"B",1,"","",1037,"FAT PIGS",1.25,2737,"FATS, ANIMALS, RAW"
1044,"PIGSKINS",1,"T",1,"Target","",1044,"PIGSKINS",,2748,"HIDES & SKINS"
1045,"SKIN W PIGS",1,"B",1,"","",1044,"PIGSKINS",1.25,2748,"HIDES & SKINS"
1046,"SKIN D PIGS",1,"B",1,"","",1044,"PIGSKINS",2.5,2748,"HIDES & SKINS"
1047,"SKIN NES PIG",1,"B",1,"","",1044,"PIGSKINS",2,2748,"HIDES & SKINS"
1050,"SUCKMILK PIG",0,"T",1,"","",,,,,
1055,"IND PIGMEAT",1,"T",1,"Target","",1055,"IND PIGMEAT",,,
1056,"BIO PIG MEAT",1,"T",1,"Target","",1056,"BIO PIG MEAT",,,
1057,"CHICKENS",1,"T",1,"Target","",1057,"CHICKENS",,,
1058,"CHICKEN MEAT",1,"T",1,"Target","",1058,"CHICKEN MEAT",,2734,"MEAT & PRODUCTS, POULTRY"
1059,"OFFAL CHICKN",1,"T",0,"Target","",1059,"OFFAL CHICKN",,,
1060,"FAT LIVER PR",1,"B",1,"","",1058,"CHICKEN MEAT",1.3333,2734,"MEAT & PRODUCTS, POULTRY"
1061,"MEAT CD CHCK",1,"B",1,"","",1058,"CHICKEN MEAT",1.4286,2734,"MEAT & PRODUCTS, POULTRY"
1062,"HEN EGGS",1,"T",1,"Target","",1062,"HEN EGGS",,2744,"EGGS & PRODUCTS"
1063,"EGGS L HEN",1,"B",1,"","",1062,"HEN EGGS",1.2048,2744,"EGGS & PRODUCTS"
1064,"EGGS DRY HEN",1,"B",1,"","",1062,"HEN EGGS",4.3478,2744,"EGGS & PRODUCTS"
1065,"FAT  POULTRY",1,"T",1,"Target","",1065,"FAT  POULTRY",,2737,"FATS, ANIMALS, RAW"
1066,"FAT R POULTR",1,"B",1,"","",1065,"FAT  POULTRY",1.25,2737,"FATS, ANIMALS, RAW"
1067,"HEN EGGS NO",0,"T",1,"","",,,,,
1068,"DUCKS",1,"T",1,"Target","",1068,"DUCKS",,,
1069,"DUCK MEAT",1,"T",1,"Target","",1069,"DUCK MEAT",,,
1070,"IND DUCKMEAT",1,"T",1,"Target","",1070,"IND DUCKMEAT",,,
1071,"BIO DUCKMEAT",1,"T",1,"Target","",1071,"BIO DUCKMEAT",,,
1072,"GEESE",1,"T",1,"Target","",1072,"GEESE",,,
1073,"GOOSE MEAT",1,"T",1,"Target","",1073,"GOOSE MEAT",,,
1074,"OFFALS LIV G",1,"T",1,"Target","",1074,"OFFALS LIV G",,,
1075,"OFFALS LIV D",1,"T",1,"Target","",1075,"OFFALS LIV D",,,
1077,"IND GEESMEAT",1,"T",1,"Target","",1077,"IND GEESMEAT",,,
1078,"BIO GEESMEAT",1,"T",1,"Target","",1078,"BIO GEESMEAT",,,
1079,"TURKEYS",1,"T",1,"Target","",1079,"TURKEYS",,,
1080,"TURKEY MEAT",1,"T",1,"Target","",1080,"TURKEY MEAT",,,
1081,"OFFALS LIV T",1,"T",1,"Target","",1081,"OFFALS LIV T",,,
1083,"PIGEONS OTHE",1,"T",1,"Target","",1083,"PIGEONS OTHE",,,
1084,"INDIG OTH PO",1,"T",1,"Target","",1084,"INDIG OTH PO",,,
1085,"BIOL OTH POU",1,"T",1,"Target","",1085,"BIOL OTH POU",,,
1087,"IND TURKMEAT",1,"T",1,"Target","",1087,"IND TURKMEAT",,,
1088,"BIO TURKMEAT",1,"T",1,"Target","",1088,"BIO TURKMEAT",,,
1089,"MEAT POULTRY",1,"T",1,"Target","",1089,"MEAT POULTRY",,,
1091,"EGGS POULTRY",1,"T",1,"Target","",1091,"EGGS POULTRY",,,
1092,"OTH EGG (NO)",0,"T",1,"","",,,,,
1094,"IND CHCKMEAT",1,"T",1,"Target","",1094,"IND CHCKMEAT",,,
1095,"BIO CHCKMEAT",1,"T",1,"Target","",1095,"BIO CHCKMEAT",,,
1096,"HORSES",1,"T",1,"Target","",1096,"HORSES",,,
1097,"HORSEMEAT",1,"T",1,"Target","",1097,"HORSEMEAT",,,
1098,"OFFALS HORSE",1,"T",1,"Target","",1098,"OFFALS HORSE",,,
1100,"HAIR HORSES",1,"T",1,"Target","",1100,"HAIR HORSES",,,
1102,"HORSE HIDES",1,"T",1,"Target","",1102,"HORSE HIDES",,2748,"HIDES & SKINS"
1103,"HIDE W HORSE",1,"B",1,"","",1102,"HORSE HIDES",1.25,2748,"HIDES & SKINS"
1104,"HIDE D HORSE",1,"B",1,"","",1102,"HORSE HIDES",2.5,2748,"HIDES & SKINS"
1105,"HIDE Y HORSE",1,"B",1,"","",1102,"HORSE HIDES",1.1111,2748,"HIDES & SKINS"
1107,"ASSES",1,"T",1,"Target","",1107,"ASSES",,,
1108,"MEAT ASSES",1,"T",1,"Target","",1108,"MEAT ASSES",,,
1109,"HIDES ASS FR",1,"T",1,"Target","",1109,"HIDES ASS FR",,,
1110,"MULES",1,"T",1,"Target","",1110,"MULES",,,
1111,"MEAT MULES",1,"T",1,"Target","",1111,"MEAT MULES",,,
1112,"HIDES MUL FR",1,"T",1,"Target","",1112,"HIDES MUL FR",,,
1115,"SUCKMILK EQU",0,"T",1,"","",,,,,
1120,"IND HORSMEAT",1,"T",1,"Target","",1120,"IND HORSMEAT",,,
1121,"BIO HORSMEAT",1,"T",1,"Target","",1121,"BIO HORSMEAT",,,
1122,"IND ASS MEAT",1,"T",1,"Target","",1122,"IND ASS MEAT",,,
1123,"BIO ASS MEAT",1,"T",1,"Target","",1123,"BIO ASS MEAT",,,
1124,"IND MULEMEAT",1,"T",1,"Target","",1124,"IND MULEMEAT",,,
1125,"BIO MULEMEAT",1,"T",1,"Target","",1125,"BIO MULEMEAT",,,
1126,"CAMELS",1,"T",1,"Target","",1126,"CAMELS",,,
1127,"MEAT CAMEL",1,"T",1,"Target","",1127,"MEAT CAMEL",,,
1128,"OFFALS CAMEL",1,"T",1,"Target","",1128,"OFFALS CAMEL",,,
1129,"FAT CAMEL",1,"T",1,"Target","",1129,"FAT CAMEL",,,
1130,"CAMEL MILK",1,"T",1,"Target","",1130,"CAMEL MILK",,,
1131,"SUCKMILK CAM",0,"T",1,"","",,,,,
1133,"HIDES CAMEL",1,"T",1,"Target","",1133,"HIDES CAMEL",,2748,"HIDES & SKINS"
1134,"HIDE W CAMEL",1,"B",1,"","",1133,"HIDES CAMEL",1.25,2748,"HIDES & SKINS"
1135,"HIDE D CAMEL",1,"B",1,"","",1133,"HIDES CAMEL",2.5,2748,"HIDES & SKINS"
1136,"HIDE U CAMEL",1,"B",1,"","",1133,"HIDES CAMEL",1.25,2748,"HIDES & SKINS"
1137,"IND CAMLMEAT",1,"T",1,"Target","",1137,"IND CAMLMEAT",,,
1138,"BIO CAMLMEAT",1,"T",1,"Target","",1138,"BIO CAMLMEAT",,,
1140,"RABBITS",1,"T",1,"Target","",1140,"RABBITS",,,
1141,"RABBIT MEAT",1,"T",1,"Target","",1141,"RABBIT MEAT",,,
1144,"RAB MEAT IND",1,"T",1,"Target","",1144,"RAB MEAT IND",,,
1145,"RAB MEAT BIO",1,"T",1,"Target","",1145,"RAB MEAT BIO",,,
1146,"RABBIT SKIN",1,"T",1,"Target","",1146,"RABBIT SKIN",,,
1150,"OTH RODENTS",1,"T",1,"Target","",1150,"OTH RODENTS",,,
1151,"MEAT RODENTS",1,"T",1,"Target","",1151,"MEAT RODENTS",,,
1154,"INDIG RODENT",1,"T",1,"Target","",1154,"INDIG RODENT",,,
1155,"BIOL RODENTS",1,"T",1,"Target","",1155,"BIOL RODENTS",,,
1157,"OTH CAMELIDS",1,"T",1,"Target","",1157,"OTH CAMELIDS",,,
1158,"MEAT OTH CAM",1,"T",1,"Target","",1158,"MEAT OTH CAM",,,
1159,"OFFALS CAMEL",1,"T",1,"Target","",1159,"OFFALS CAMEL",,,
1160,"FAT OTH CAME",1,"T",1,"Target","",1160,"FAT OTH CAME",,,
1161,"INDIG CAMEL",1,"T",1,"Target","",1161,"INDIG CAMEL",,,
1162,"BIOL OTH CAM",1,"T",1,"Target","",1162,"BIOL OTH CAM",,,
1163,"GAME MEAT",1,"T",1,"Target","",1163,"GAME MEAT",,,
1164,"MEAT DRY NES",1,"B",1,"","",1166,"MEAT NES",2.2222,2735,"MEAT & PROD, OTHERANIM."
1166,"MEAT NES",1,"T",1,"Target","",1166,"MEAT NES",,2735,"MEAT & PROD, OTHERANIM."
1167,"OFFALS NES",1,"T",1,"Target","",1167,"OFFALS NES",,,
1168,"OILS ANIMAL",1,"B",1,"","",869,"FAT CATTLE",1.25,2737,"FATS, ANIMALS, RAW"
1169,"LIVE ANIMAL",0,"T",1,"","",,,,,
1171,"ANIMALS NES",1,"T",1,"Target","",1171,"ANIMALS NES",,,
1172,"MEAT PR NES",1,"B",1,"","",1166,"MEAT NES",1.1765,2735,"MEAT & PROD, OTHERANIM."
1173,"MEAT MEAL",1,"T",1,"Target","",1173,"MEAT MEAL",,,
1174,"FISH MEAL",0,"T",1,"","",,,,,
1175,"BLOOD MEAL",1,"T",1,"Target","",1175,"BLOOD MEAL",,,
1176,"SNAILS NOT S",1,"T",1,"Target","",1176,"SNAILS NOT S",,,
1180,"SUCKMILK NES",0,"T",1,"","",,,,,
1181,"BEEHIVES",1,"T",1,"Target","",1181,"BEEHIVES",,,
1182,"HONEY",1,"T",1,"Target","",1182,"HONEY",,,
1183,"BEESWAX",1,"T",1,"Target","",1183,"BEESWAX",,,
1185,"COCOON REEL",1,"T",1,"Target","",1185,"COCOON REEL",,,
1186,"SILK, RAW",1,"T",1,"Target","",1186,"SILK, RAW",,,
1187,"COCOON UNR",1,"T",1,"Target","",1187,"COCOON UNR",,,
1195,"FUR SKINS",1,"T",1,"Target","",1195,"FUR SKINS",,,
1213,"HIDE NES FR",1,"T",1,"Target","",1213,"HIDE NES FR",,2748,"HIDES & SKINS"
1214,"HIDE WS",1,"B",1,"","",1213,"HIDE NES FR",1.25,2748,"HIDES & SKINS"
1215,"HIDE DS",1,"B",1,"","",1213,"HIDE NES FR",2.5,2748,"HIDES & SKINS"
1216,"HIDE NES",1,"T",1,"Target","",1216,"HIDE NES",,,
1217,"LEATHER USED",1,"T",1,"Target","",1217,"LEATHER USED",,,
1218,"HAIR FINE",1,"T",1,"Target","",1218,"HAIR FINE",,,
1219,"HAIR COARSE",1,"T",1,"Target","",1219,"HAIR COARSE",,,
1221,"STEARINE",1,"B",1,"","",1037,"FAT PIGS",1.25,2737,"FATS, ANIMALS, RAW"
1222,"DEGRAS",1,"T",1,"Target","",1222,"DEGRAS",,,
1223,"OILS FISH",0,"T",1,"","",,,,,
1225,"TALLOW",1,"B",1,"","",869,"FAT CATTLE",1.25,2737,"FATS, ANIMALS, RAW"
1232,"FOOD PREP",1,"T",1,"Target","",1232,"FOOD PREP",,,
1241,"LIQUID MARG",1,"B",1,"","",340,"OIL VG OR NS",1,2586,"OILCROPS, OTHER OIL"
1242,"MARGARINE",1,"B",1,"","",340,"OIL VG OR NS",0.8333,2586,"OILCROPS, OTHER OIL"
1243,"FATS PREP NS",1,"B",1,"","",869,"FAT CATTLE",1,2737,"FATS, ANIMALS, RAW"
1259,"FOOD WASTES",1,"T",1,"Target","",1259,"FOOD WASTES",,,
1267,"AG IND BYPRD",1,"T",1,"Target","",1267,"AG IND BYPRD",,,
1273,"CASTOR OIL H",1,"T",1,"","",266,"OIL CAST BNS",0.9091,2586,"OILCROPS, OTHER OIL"
1274,"OILS BOILED",1,"B",1,"","",334,"OIL LINSEED",1,2586,"OILCROPS, OTHER OIL"
1275,"OILS HYDROGN",1,"B",1,"","",340,"OIL VG OR NS",0.8333,2586,"OILCROPS, OTHER OIL"
1276,"FATTY ACIDS",1,"B",1,"","",257,"PALM OIL",1,2577,"PALM, OIL"
1277,"RES FATTY S",1,"B",1,"","",257,"PALM OIL",1,2577,"PALM, OIL"
1291,"ARABIC GUM",1,"T",1,"Target","",1291,"ARABIC GUM",,,
1292,"OTHER RESINS",1,"T",1,"Target","",1292,"OTHER RESINS",,,
1293,"ORG MAT 29",1,"T",1,"Target","",1293,"ORG MAT 29",,,
1294,"SEEDS",1,"T",1,"Target","",1294,"SEEDS",,,
1295,"SPERMACETI",1,"T",1,"Target","",1295,"SPERMACETI",,,
1296,"WAXES VEG",1,"T",1,"Target","",1296,"WAXES VEG",,,
1501,"FRWTR DIAD F",1,"T",1,"Target","",1501,"FRWTR DIAD F",,2761,"FRESHWATER FISH & PROD."
1502,"FRWTR FZ WHL",1,"B",1,"","",1501,"FRWTR DIAD F",1.1111,2761,"FRESHWATER FISH & PROD."
1503,"FRWTR FILLET",1,"B",1,"","",1501,"FRWTR DIAD F",2.6389,2761,"FRESHWATER FISH & PROD."
1504,"FRWTR FZ FLT",1,"B",1,"","",1501,"FRWTR DIAD F",2.6389,2761,"FRESHWATER FISH & PROD."
1505,"FRWTR CURED",1,"B",1,"","",1501,"FRWTR DIAD F",3.0159,2761,"FRESHWATER FISH & PROD."
1506,"FRWTR CANNED",1,"B",1,"","",1501,"FRWTR DIAD F",1.6239,2761,"FRESHWATER FISH & PROD."
1507,"FRWTR PR NES",1,"B",1,"","",1501,"FRWTR DIAD F",1.0556,2761,"FRESHWATER FISH & PROD."
1508,"FRWTR MEALS",1,"B",1,"","",1501,"FRWTR DIAD F",6.2092,2761,"FRESHWATER FISH & PROD."
1509,"FRWT BDY OIL",1,"T",1,"Target","",1509,"FRWT BDY OIL",,,
1510,"FRWT LVR OIL",1,"T",1,"Target","",1510,"FRWT LVR OIL",,,
1511,"FRWT MEAL OF",1,"T",1,"Target","",1511,"FRWT MEAL OF",,,
1512,"FRESHWATER D",0,"T",1,"","",,,,,
1513,"FRESHWATER F",0,"T",1,"","",,,,,
1514,"DMRSL FRESH",1,"T",1,"Target","",1514,"DMRSL FRESH",,2762,"DEMERSEAL FISH & PROD."
1515,"DMRSL FZ WHL",1,"B",1,"","",1514,"DMRSL FRESH",1.25,2762,"DEMERSEAL FISH & PROD."
1516,"DMRSL FILLET",1,"B",1,"","",1514,"DMRSL FRESH",3.2144,2762,"DEMERSEAL FISH & PROD."
1517,"DMRSL FZ FLT",1,"B",1,"","",1514,"DMRSL FRESH",3.5156,2762,"DEMERSEAL FISH & PROD."
1518,"DMRSL CURED",1,"B",1,"","",1514,"DMRSL FRESH",5.8239,2762,"DEMERSEAL FISH & PROD."
1519,"DMRSL CANNED",1,"B",1,"","",1514,"DMRSL FRESH",3.8439,2762,"DEMERSEAL FISH & PROD."
1520,"DMRSL PR NES",1,"B",1,"","",1514,"DMRSL FRESH",1.125,2762,"DEMERSEAL FISH & PROD."
1521,"DMRSL MEALS",1,"B",1,"","",1514,"DMRSL FRESH",5.5556,2762,"DEMERSEAL FISH & PROD."
1522,"DMRS BDY OIL",1,"T",1,"Target","",1522,"DMRS BDY OIL",,,
1523,"DMRS LVR OIL",1,"T",1,"Target","",1523,"DMRS LVR OIL",,,
1524,"DMRS MEAL OF",1,"T",1,"Target","",1524,"DMRS MEAL OF",,,
1525,"DEMRSL FISH",0,"T",1,"","",,,,,
1526,"DEMERSL FISH",0,"T",1,"","",,,,,
1527,"PELAGIC FRSH",1,"T",1,"Target","",1527,"PELAGIC FRSH",,2763,"PELAGIC FISH & PRODUCTS"
1528,"PELGC FZ WHL",1,"B",1,"","",1527,"PELAGIC FRSH",1.1111,2763,"PELAGIC FISH & PRODUCTS"
1529,"PELGC FILLET",1,"B",1,"","",1527,"PELAGIC FRSH",1.9192,2763,"PELAGIC FISH & PRODUCTS"
1530,"PELGC FZ FLT",1,"B",1,"","",1527,"PELAGIC FRSH",2.1111,2763,"PELAGIC FISH & PRODUCTS"
1531,"PELGC CURED",1,"B",1,"","",1527,"PELAGIC FRSH",3.5184,2763,"PELAGIC FISH & PRODUCTS"
1532,"PELGC CANNED",1,"B",1,"","",1527,"PELAGIC FRSH",2.815,2763,"PELAGIC FISH & PRODUCTS"
1533,"PELGC PR NES",1,"B",1,"","",1527,"PELAGIC FRSH",1.0556,2763,"PELAGIC FISH & PRODUCTS"
1534,"PELGC MEALS",1,"B",1,"","",1527,"PELAGIC FRSH",5,2763,"PELAGIC FISH & PRODUCTS"
1535,"PELG BDY OIL",1,"T",1,"Target","",1535,"PELG BDY OIL",,,
1536,"PELG LVR OIL",1,"T",1,"Target","",1536,"PELG LVR OIL",,,
1537,"PELG MEAL OF",1,"T",1,"Target","",1537,"PELG MEAL OF",,,
1538,"SMALL PELGC",0,"T",1,"","",,,,,
1539,"SMALL PELGC",0,"T",1,"","",,,,,
1540,"MARINE NES F",1,"T",1,"Target","",1540,"MARINE NES F",,2764,"MARINE FISH, OTH &PROD"
1541,"MARIN FZ WHL",1,"B",1,"","",1540,"MARINE NES F",1.1111,2764,"MARINE FISH, OTH &PROD"
1542,"MARIN FILLET",1,"B",1,"","",1540,"MARINE NES F",2.1111,2764,"MARINE FISH, OTH &PROD"
1543,"MARIN FZ FLT",1,"B",1,"","",1540,"MARINE NES F",2.3456,2764,"MARINE FISH, OTH &PROD"
1544,"MARIN CURED",1,"B",1,"","",1540,"MARINE NES F",3.7139,2764,"MARINE FISH, OTH &PROD"
1545,"MARIN CANNED",1,"B",1,"","",1540,"MARINE NES F",2.6064,2764,"MARINE FISH, OTH &PROD"
1546,"MARIN PR NES",1,"B",1,"","",1540,"MARINE NES F",1.0556,2764,"MARINE FISH, OTH &PROD"
1547,"MARIN MEALS",1,"B",1,"","",1540,"MARINE NES F",5,2764,"MARINE FISH, OTH &PROD"
1548,"MARN BDY OIL",1,"T",1,"Target","",1548,"MARN BDY OIL",,,
1549,"MARN LVR OIL",1,"T",1,"Target","",1549,"MARN LVR OIL",,,
1550,"MARN MEAL OF",1,"T",1,"Target","",1550,"MARN MEAL OF",,,
1551,"MARINE FISH",0,"T",1,"","",,,,,
1552,"MARINE FISH",0,"T",1,"","",,,,,
1553,"CRSTACEANS F",1,"T",1,"Target","",1553,"CRSTACEANS F",,2765,"CRUSTACEANS & PRODUCTS"
1554,"CRSTC FROZEN",1,"B",1,"","",1553,"CRSTACEANS F",1.6667,2765,"CRUSTACEANS & PRODUCTS"
1555,"CRSTC CURED",1,"B",1,"","",1553,"CRSTACEANS F",4.0406,2765,"CRUSTACEANS & PRODUCTS"
1556,"CRSTC CANNED",1,"B",1,"","",1553,"CRSTACEANS F",5.3334,2765,"CRUSTACEANS & PRODUCTS"
1557,"CRSTC PR NES",1,"B",1,"","",1553,"CRSTACEANS F",4.4446,2765,"CRUSTACEANS & PRODUCTS"
1558,"CRSTC MEALS",1,"B",1,"","",1553,"CRSTACEANS F",5,2765,"CRUSTACEANS & PRODUCTS"
1559,"CRST MEAL OF",1,"T",1,"Target","",1559,"CRST MEAL OF",,,
1560,"MARINE FISH",0,"T",1,"","",,,,,
1561,"MARINE FISH",0,"T",1,"","",,,,,
1562,"MLLUSCS FRSH",1,"T",1,"Target","",1562,"MLLUSCS FRSH",,2767,"MOLLUSCS OTHER &PRODUCTS"
1563,"MOLSC FROZEN",1,"B",1,"","",1562,"MLLUSCS FRSH",3.3333,2767,"MOLLUSCS OTHER &PRODUCTS"
1564,"MOLSC CURED",1,"B",1,"","",1562,"MLLUSCS FRSH        1",4.4442,2767,"MOLLUSCS OTHER &PRODUCTS"
1565,"MOLSC CANNED",1,"B",1,"","",1562,"MLLUSCS FRSH        1",4.4442,2767,"MOLLUSCS OTHER &PRODUCTS"
1566,"MOLSC MEALS",1,"B",1,"","",1562,"MLLUSCS FRSH",5,2767,"MOLLUSCS OTHER &PRODUCTS"
1567,"MOLS MEAL OF",1,"T",1,"Target","",1567,"MOLS MEAL OF",,,
1568,"MOLLUSCS SCH",0,"T",1,"","",,,,,
1569,"MARINE FISH",0,"T",1,"","",,,,,
1570,"CEPHLP FRESH",1,"T",1,"Target","",1570,"CEPHLP FRESH",,2766,"CEPHALOPODS & PRODUCTS"
1571,"CPHLP FROZEN",1,"B",1,"","",1570,"CEPHLP FRESH",1,2766,"CEPHALOPODS & PRODUCTS"
1572,"CPHLP CURED",1,"B",1,"","",1570,"CEPHLP FRESH",4,2766,"CEPHALOPODS & PRODUCTS"
1573,"CPHLP CANNED",1,"B",1,"","",1570,"CEPHLP FRESH",1.6667,2766,"CEPHALOPODS & PRODUCTS"
1574,"CPHLP PR NES",1,"B",1,"","",1570,"CEPHLP FRESH",2,2766,"CEPHALOPODS & PRODUCTS"
1575,"CPHLP MEALS",1,"B",1,"","",1570,"CEPHLP FRESH",5,2766,"CEPHALOPODS & PRODUCTS"
1576,"CPHL MEAL OF",1,"T",1,"Target","",1576,"CPHL MEAL OF",,,
1577,"SMALL PELGC",0,"T",1,"","",,,,,
1578,"MARINE FISH",0,"T",1,"","",,,,,
1579,"AQUTC MAMMAL",1,"T",1,"Target","",1579,"AQUTC MAMMAL",,,
1580,"AQ M MEAT",1,"T",1,"Target","",1580,"AQ M MEAT",,,
1581,"AQ M MEALS",1,"T",1,"Target","",1581,"AQ M MEALS",,,
1582,"AQ M OILS",1,"T",1,"Target","",1582,"AQ M OILS",,,
1583,"AQ M PREP NS",1,"T",1,"Target","",1583,"AQ M PREP NS",,,
1584,"AQ M MEAL OF",1,"T",1,"Target","",1584,"AQ M MEAL OF",,,
1585,"FRESHWATER F",0,"T",1,"","",,,,,
1586,"FRESHWATER F",0,"T",1,"","",,,,,
1587,"AQUTC ANIM F",1,"T",1,"Target","",1587,"AQUTC ANIM F",,2769,"AQUATIC ANIMAL OTHERS"
1588,"AQ A CURED",1,"B",1,"","",1587,"AQUTC ANIM F",4,2769,"AQUATIC ANIMAL OTHERS"
1589,"AQ A MEALS",1,"B",1,"","",1587,"AQUTC ANIM F",5,2769,"AQUATIC ANIMAL OTHERS"
1590,"AQ A PREP NS",1,"B",1,"","",1587,"AQUTC ANIM F",2,2769,"AQUATIC ANIMAL OTHERS"
1591,"AQ A MEAL OF",1,"T",1,"Target","",1591,"AQ A MEAL OF",,,
1592,"MOLLUSCS LIV",0,"T",1,"","",,,,,
1593,"KRILL",0,"T",1,"","",,,,,
1594,"AQUTC PLANTS",1,"T",1,"Target","",1594,"AQUTC PLANTS",,2775,"AQUATIC PLANTS & PROD."
1595,"AQ P DRIED",1,"B",1,"","",1594,"AQUTC PLANTS",6.6667,2775,"AQUATIC PLANTS & PROD."
1596,"AQ P PREP NS",1,"B",1,"","",1594,"AQUTC PLANTS",7.5019,2775,"AQUATIC PLANTS & PROD."
1597,"SMALL PELGC",0,"T",1,"","",,,,,
1598,"GUANO",0,"T",1,"","",,,,,
1599,"FISH TOT VAL",0,"T",1,"","",,,,,
