Area Code,Area Name,Item Code,Item Name,Element Code,Element Name,Year,Num,Symb
231,USA,15,Wheat,261,Food: Total Calories Eqv (Mln U),2000,334, 
231,USA,15,Wheat,261,Food: Total Calories Eqv (Mln U),2001,334, 
231,USA,15,Wheat,261,Food: Total Calories Eqv (Mln U),2002,334, 
231,USA,15,Wheat,261,Food: Total Calories Eqv (Mln U),2003,334, 
231,USA,15,Wheat,261,Food: Total Calories Eqv (Mln U),2004,334, 
231,USA,15,Wheat,261,Food: Total Calories Eqv (Mln U),2005,334, 
231,USA,15,Wheat,261,Food: Total Calories Eqv (Mln U),2006,334, 
231,USA,15,Wheat,261,Food: Total Calories Eqv (Mln U),2007,334, 
231,USA,15,Wheat,261,Food: Total Calories Eqv (Mln U),2008,334, 
231,USA,15,Wheat,261,Food: Total Calories Eqv (Mln U),2009,334, 
231,USA,15,Wheat,261,Food: Total Calories Eqv (Mln U),2010,334, 
231,USA,15,Wheat,261,Food: Total Calories Eqv (Mln U),2011,334, 
231,USA,15,Wheat,271,Food: Total Proteins Eqv (Mt),2000,122, 
231,USA,15,Wheat,271,Food: Total Proteins Eqv (Mt),2001,122, 
231,USA,15,Wheat,271,Food: Total Proteins Eqv (Mt),2002,122, 
231,USA,15,Wheat,271,Food: Total Proteins Eqv (Mt),2003,122, 
231,USA,15,Wheat,271,Food: Total Proteins Eqv (Mt),2004,122, 
231,USA,15,Wheat,271,Food: Total Proteins Eqv (Mt),2005,122, 
231,USA,15,Wheat,271,Food: Total Proteins Eqv (Mt),2006,122, 
231,USA,15,Wheat,271,Food: Total Proteins Eqv (Mt),2007,122, 
231,USA,15,Wheat,271,Food: Total Proteins Eqv (Mt),2008,122, 
231,USA,15,Wheat,271,Food: Total Proteins Eqv (Mt),2009,122, 
231,USA,15,Wheat,271,Food: Total Proteins Eqv (Mt),2010,122, 
231,USA,15,Wheat,271,Food: Total Proteins Eqv (Mt),2011,122, 
231,USA,15,Wheat,281,Food: Total Fats Eqv (Mt),2000,23, 
231,USA,15,Wheat,281,Food: Total Fats Eqv (Mt),2001,23, 
231,USA,15,Wheat,281,Food: Total Fats Eqv (Mt),2002,23, 
231,USA,15,Wheat,281,Food: Total Fats Eqv (Mt),2003,23, 
231,USA,15,Wheat,281,Food: Total Fats Eqv (Mt),2004,23, 
231,USA,15,Wheat,281,Food: Total Fats Eqv (Mt),2005,23, 
231,USA,15,Wheat,281,Food: Total Fats Eqv (Mt),2006,23, 
231,USA,15,Wheat,281,Food: Total Fats Eqv (Mt),2007,23, 
231,USA,15,Wheat,281,Food: Total Fats Eqv (Mt),2008,23, 
231,USA,15,Wheat,281,Food: Total Fats Eqv (Mt),2009,23, 
231,USA,15,Wheat,281,Food: Total Fats Eqv (Mt),2010,23, 
231,USA,15,Wheat,281,Food: Total Fats Eqv (Mt),2011,23, 
231,USA,16,Flour of Wheat,141,Food (Mt),2000,0,B
231,USA,16,Flour of Wheat,141,Food (Mt),2001,0,B
231,USA,16,Flour of Wheat,141,Food (Mt),2002,0,B
231,USA,16,Flour of Wheat,141,Food (Mt),2003,0,B
231,USA,16,Flour of Wheat,141,Food (Mt),2004,0,B
231,USA,16,Flour of Wheat,141,Food (Mt),2005,0,B
231,USA,16,Flour of Wheat,141,Food (Mt),2006,0,B
231,USA,16,Flour of Wheat,141,Food (Mt),2007,0,B
231,USA,16,Flour of Wheat,141,Food (Mt),2008,0,B
231,USA,16,Flour of Wheat,141,Food (Mt),2009,0,B
231,USA,16,Flour of Wheat,141,Food (Mt),2010,0,B
231,USA,16,Flour of Wheat,141,Food (Mt),2011,0,B
231,USA,16,Flour of Wheat,261,Food: Total Calories Eqv (Mln U),2000,353, 
231,USA,16,Flour of Wheat,261,Food: Total Calories Eqv (Mln U),2001,353, 
231,USA,16,Flour of Wheat,261,Food: Total Calories Eqv (Mln U),2002,353, 
231,USA,16,Flour of Wheat,261,Food: Total Calories Eqv (Mln U),2003,353, 
231,USA,16,Flour of Wheat,261,Food: Total Calories Eqv (Mln U),2004,353, 
231,USA,16,Flour of Wheat,261,Food: Total Calories Eqv (Mln U),2005,353, 
231,USA,16,Flour of Wheat,261,Food: Total Calories Eqv (Mln U),2006,353, 
231,USA,16,Flour of Wheat,261,Food: Total Calories Eqv (Mln U),2007,353, 
231,USA,16,Flour of Wheat,261,Food: Total Calories Eqv (Mln U),2008,353, 
231,USA,16,Flour of Wheat,261,Food: Total Calories Eqv (Mln U),2009,353, 
231,USA,16,Flour of Wheat,261,Food: Total Calories Eqv (Mln U),2010,353, 
231,USA,16,Flour of Wheat,261,Food: Total Calories Eqv (Mln U),2011,353, 
231,USA,16,Flour of Wheat,271,Food: Total Proteins Eqv (Mt),2000,115, 
231,USA,16,Flour of Wheat,271,Food: Total Proteins Eqv (Mt),2001,115, 
231,USA,16,Flour of Wheat,271,Food: Total Proteins Eqv (Mt),2002,115, 
231,USA,16,Flour of Wheat,271,Food: Total Proteins Eqv (Mt),2003,115, 
231,USA,16,Flour of Wheat,271,Food: Total Proteins Eqv (Mt),2004,115, 
231,USA,16,Flour of Wheat,271,Food: Total Proteins Eqv (Mt),2005,115, 
231,USA,16,Flour of Wheat,271,Food: Total Proteins Eqv (Mt),2006,115, 
231,USA,16,Flour of Wheat,271,Food: Total Proteins Eqv (Mt),2007,115, 
231,USA,16,Flour of Wheat,271,Food: Total Proteins Eqv (Mt),2008,115, 
231,USA,16,Flour of Wheat,271,Food: Total Proteins Eqv (Mt),2009,115, 
231,USA,16,Flour of Wheat,271,Food: Total Proteins Eqv (Mt),2010,115, 
231,USA,16,Flour of Wheat,271,Food: Total Proteins Eqv (Mt),2011,115, 
231,USA,16,Flour of Wheat,281,Food: Total Fats Eqv (Mt),2000,14, 
231,USA,16,Flour of Wheat,281,Food: Total Fats Eqv (Mt),2001,14, 
231,USA,16,Flour of Wheat,281,Food: Total Fats Eqv (Mt),2002,14, 
231,USA,16,Flour of Wheat,281,Food: Total Fats Eqv (Mt),2003,14, 
231,USA,16,Flour of Wheat,281,Food: Total Fats Eqv (Mt),2004,14, 
231,USA,16,Flour of Wheat,281,Food: Total Fats Eqv (Mt),2005,14, 
231,USA,16,Flour of Wheat,281,Food: Total Fats Eqv (Mt),2006,14, 
231,USA,16,Flour of Wheat,281,Food: Total Fats Eqv (Mt),2007,14, 
231,USA,16,Flour of Wheat,281,Food: Total Fats Eqv (Mt),2008,14, 
231,USA,16,Flour of Wheat,281,Food: Total Fats Eqv (Mt),2009,14, 
231,USA,16,Flour of Wheat,281,Food: Total Fats Eqv (Mt),2010,14, 
231,USA,16,Flour of Wheat,281,Food: Total Fats Eqv (Mt),2011,14, 
231,USA,17,Bran of Wheat,261,Food: Total Calories Eqv (Mln U),2000,213, 
231,USA,17,Bran of Wheat,261,Food: Total Calories Eqv (Mln U),2001,213, 
231,USA,17,Bran of Wheat,261,Food: Total Calories Eqv (Mln U),2002,213, 
231,USA,17,Bran of Wheat,261,Food: Total Calories Eqv (Mln U),2003,213, 
231,USA,17,Bran of Wheat,261,Food: Total Calories Eqv (Mln U),2004,213, 
231,USA,17,Bran of Wheat,261,Food: Total Calories Eqv (Mln U),2005,213, 
231,USA,17,Bran of Wheat,261,Food: Total Calories Eqv (Mln U),2006,213, 
231,USA,17,Bran of Wheat,261,Food: Total Calories Eqv (Mln U),2007,213, 
231,USA,17,Bran of Wheat,261,Food: Total Calories Eqv (Mln U),2008,213, 
231,USA,17,Bran of Wheat,261,Food: Total Calories Eqv (Mln U),2009,213, 
231,USA,17,Bran of Wheat,261,Food: Total Calories Eqv (Mln U),2010,213, 
231,USA,17,Bran of Wheat,261,Food: Total Calories Eqv (Mln U),2011,213, 
231,USA,17,Bran of Wheat,271,Food: Total Proteins Eqv (Mt),2000,121, 
231,USA,17,Bran of Wheat,271,Food: Total Proteins Eqv (Mt),2001,121, 
231,USA,17,Bran of Wheat,271,Food: Total Proteins Eqv (Mt),2002,121, 
231,USA,17,Bran of Wheat,271,Food: Total Proteins Eqv (Mt),2003,121, 
231,USA,17,Bran of Wheat,271,Food: Total Proteins Eqv (Mt),2004,121, 
231,USA,17,Bran of Wheat,271,Food: Total Proteins Eqv (Mt),2005,121, 
231,USA,17,Bran of Wheat,271,Food: Total Proteins Eqv (Mt),2006,121, 
231,USA,17,Bran of Wheat,271,Food: Total Proteins Eqv (Mt),2007,121, 
231,USA,17,Bran of Wheat,271,Food: Total Proteins Eqv (Mt),2008,121, 
231,USA,17,Bran of Wheat,271,Food: Total Proteins Eqv (Mt),2009,121, 
231,USA,17,Bran of Wheat,271,Food: Total Proteins Eqv (Mt),2010,121, 
231,USA,17,Bran of Wheat,271,Food: Total Proteins Eqv (Mt),2011,121, 
231,USA,17,Bran of Wheat,281,Food: Total Fats Eqv (Mt),2000,31, 
231,USA,17,Bran of Wheat,281,Food: Total Fats Eqv (Mt),2001,31, 
231,USA,17,Bran of Wheat,281,Food: Total Fats Eqv (Mt),2002,31, 
231,USA,17,Bran of Wheat,281,Food: Total Fats Eqv (Mt),2003,31, 
231,USA,17,Bran of Wheat,281,Food: Total Fats Eqv (Mt),2004,31, 
231,USA,17,Bran of Wheat,281,Food: Total Fats Eqv (Mt),2005,31, 
231,USA,17,Bran of Wheat,281,Food: Total Fats Eqv (Mt),2006,31, 
231,USA,17,Bran of Wheat,281,Food: Total Fats Eqv (Mt),2007,31, 
231,USA,17,Bran of Wheat,281,Food: Total Fats Eqv (Mt),2008,31, 
231,USA,17,Bran of Wheat,281,Food: Total Fats Eqv (Mt),2009,31, 
231,USA,17,Bran of Wheat,281,Food: Total Fats Eqv (Mt),2010,31, 
231,USA,17,Bran of Wheat,281,Food: Total Fats Eqv (Mt),2011,31, 
231,USA,18,Macaroni,141,Food (Mt),2000,0,B
231,USA,18,Macaroni,141,Food (Mt),2001,0,B
231,USA,18,Macaroni,141,Food (Mt),2002,0,B
231,USA,18,Macaroni,141,Food (Mt),2003,0,B
231,USA,18,Macaroni,141,Food (Mt),2004,0,B
231,USA,18,Macaroni,141,Food (Mt),2005,0,B
231,USA,18,Macaroni,141,Food (Mt),2006,0,B
231,USA,18,Macaroni,141,Food (Mt),2007,0,B
231,USA,18,Macaroni,141,Food (Mt),2008,0,B
231,USA,18,Macaroni,141,Food (Mt),2009,0,B
231,USA,18,Macaroni,141,Food (Mt),2010,0,B
231,USA,18,Macaroni,141,Food (Mt),2011,0,B
231,USA,18,Macaroni,261,Food: Total Calories Eqv (Mln U),2000,367, 
231,USA,18,Macaroni,261,Food: Total Calories Eqv (Mln U),2001,367, 
231,USA,18,Macaroni,261,Food: Total Calories Eqv (Mln U),2002,367, 
231,USA,18,Macaroni,261,Food: Total Calories Eqv (Mln U),2003,367, 
231,USA,18,Macaroni,261,Food: Total Calories Eqv (Mln U),2004,367, 
231,USA,18,Macaroni,261,Food: Total Calories Eqv (Mln U),2005,367, 
231,USA,18,Macaroni,261,Food: Total Calories Eqv (Mln U),2006,367, 
231,USA,18,Macaroni,261,Food: Total Calories Eqv (Mln U),2007,367, 
231,USA,18,Macaroni,261,Food: Total Calories Eqv (Mln U),2008,367, 
231,USA,18,Macaroni,261,Food: Total Calories Eqv (Mln U),2009,367, 
231,USA,18,Macaroni,261,Food: Total Calories Eqv (Mln U),2010,367, 
231,USA,18,Macaroni,261,Food: Total Calories Eqv (Mln U),2011,367, 
231,USA,18,Macaroni,271,Food: Total Proteins Eqv (Mt),2000,110, 
231,USA,18,Macaroni,271,Food: Total Proteins Eqv (Mt),2001,110, 
231,USA,18,Macaroni,271,Food: Total Proteins Eqv (Mt),2002,110, 
231,USA,18,Macaroni,271,Food: Total Proteins Eqv (Mt),2003,110, 
231,USA,18,Macaroni,271,Food: Total Proteins Eqv (Mt),2004,110, 
231,USA,18,Macaroni,271,Food: Total Proteins Eqv (Mt),2005,110, 
231,USA,18,Macaroni,271,Food: Total Proteins Eqv (Mt),2006,110, 
231,USA,18,Macaroni,271,Food: Total Proteins Eqv (Mt),2007,110, 
231,USA,18,Macaroni,271,Food: Total Proteins Eqv (Mt),2008,110, 
231,USA,18,Macaroni,271,Food: Total Proteins Eqv (Mt),2009,110, 
231,USA,18,Macaroni,271,Food: Total Proteins Eqv (Mt),2010,110, 
231,USA,18,Macaroni,271,Food: Total Proteins Eqv (Mt),2011,110, 
231,USA,18,Macaroni,281,Food: Total Fats Eqv (Mt),2000,11, 
231,USA,18,Macaroni,281,Food: Total Fats Eqv (Mt),2001,11, 
231,USA,18,Macaroni,281,Food: Total Fats Eqv (Mt),2002,11, 
231,USA,18,Macaroni,281,Food: Total Fats Eqv (Mt),2003,11, 
231,USA,18,Macaroni,281,Food: Total Fats Eqv (Mt),2004,11, 
231,USA,18,Macaroni,281,Food: Total Fats Eqv (Mt),2005,11, 
231,USA,18,Macaroni,281,Food: Total Fats Eqv (Mt),2006,11, 
231,USA,18,Macaroni,281,Food: Total Fats Eqv (Mt),2007,11, 
231,USA,18,Macaroni,281,Food: Total Fats Eqv (Mt),2008,11, 
231,USA,18,Macaroni,281,Food: Total Fats Eqv (Mt),2009,11, 
231,USA,18,Macaroni,281,Food: Total Fats Eqv (Mt),2010,11, 
231,USA,18,Macaroni,281,Food: Total Fats Eqv (Mt),2011,11, 
231,USA,19,Germ of Wheat,261,Food: Total Calories Eqv (Mln U),2000,382, 
231,USA,19,Germ of Wheat,261,Food: Total Calories Eqv (Mln U),2001,382, 
231,USA,19,Germ of Wheat,261,Food: Total Calories Eqv (Mln U),2002,382, 
231,USA,19,Germ of Wheat,261,Food: Total Calories Eqv (Mln U),2003,382, 
231,USA,19,Germ of Wheat,261,Food: Total Calories Eqv (Mln U),2004,382, 
231,USA,19,Germ of Wheat,261,Food: Total Calories Eqv (Mln U),2005,382, 
231,USA,19,Germ of Wheat,261,Food: Total Calories Eqv (Mln U),2006,382, 
231,USA,19,Germ of Wheat,261,Food: Total Calories Eqv (Mln U),2007,382, 
231,USA,19,Germ of Wheat,261,Food: Total Calories Eqv (Mln U),2008,382, 
231,USA,19,Germ of Wheat,261,Food: Total Calories Eqv (Mln U),2009,382, 
231,USA,19,Germ of Wheat,261,Food: Total Calories Eqv (Mln U),2010,382, 
231,USA,19,Germ of Wheat,261,Food: Total Calories Eqv (Mln U),2011,382, 
231,USA,19,Germ of Wheat,271,Food: Total Proteins Eqv (Mt),2000,291, 
231,USA,19,Germ of Wheat,271,Food: Total Proteins Eqv (Mt),2001,291, 
231,USA,19,Germ of Wheat,271,Food: Total Proteins Eqv (Mt),2002,291, 
231,USA,19,Germ of Wheat,271,Food: Total Proteins Eqv (Mt),2003,291, 
231,USA,19,Germ of Wheat,271,Food: Total Proteins Eqv (Mt),2004,291, 
231,USA,19,Germ of Wheat,271,Food: Total Proteins Eqv (Mt),2005,291, 
231,USA,19,Germ of Wheat,271,Food: Total Proteins Eqv (Mt),2006,291, 
231,USA,19,Germ of Wheat,271,Food: Total Proteins Eqv (Mt),2007,291, 
231,USA,19,Germ of Wheat,271,Food: Total Proteins Eqv (Mt),2008,291, 
231,USA,19,Germ of Wheat,271,Food: Total Proteins Eqv (Mt),2009,291, 
231,USA,19,Germ of Wheat,271,Food: Total Proteins Eqv (Mt),2010,291, 
231,USA,19,Germ of Wheat,271,Food: Total Proteins Eqv (Mt),2011,291, 
231,USA,19,Germ of Wheat,281,Food: Total Fats Eqv (Mt),2000,107, 
231,USA,19,Germ of Wheat,281,Food: Total Fats Eqv (Mt),2001,107, 
231,USA,19,Germ of Wheat,281,Food: Total Fats Eqv (Mt),2002,107, 
231,USA,19,Germ of Wheat,281,Food: Total Fats Eqv (Mt),2003,107, 
231,USA,19,Germ of Wheat,281,Food: Total Fats Eqv (Mt),2004,107, 
231,USA,19,Germ of Wheat,281,Food: Total Fats Eqv (Mt),2005,107, 
231,USA,19,Germ of Wheat,281,Food: Total Fats Eqv (Mt),2006,107, 
231,USA,19,Germ of Wheat,281,Food: Total Fats Eqv (Mt),2007,107, 
231,USA,19,Germ of Wheat,281,Food: Total Fats Eqv (Mt),2008,107, 
231,USA,19,Germ of Wheat,281,Food: Total Fats Eqv (Mt),2009,107, 
231,USA,19,Germ of Wheat,281,Food: Total Fats Eqv (Mt),2010,107, 
231,USA,19,Germ of Wheat,281,Food: Total Fats Eqv (Mt),2011,107, 
231,USA,20,Bread,141,Food (Mt),2000,0,B
231,USA,20,Bread,141,Food (Mt),2001,0,B
231,USA,20,Bread,141,Food (Mt),2002,0,B
231,USA,20,Bread,141,Food (Mt),2003,0,B
231,USA,20,Bread,141,Food (Mt),2004,0,B
231,USA,20,Bread,141,Food (Mt),2005,0,B
231,USA,20,Bread,141,Food (Mt),2006,0,B
231,USA,20,Bread,141,Food (Mt),2007,0,B
231,USA,20,Bread,141,Food (Mt),2008,0,B
231,USA,20,Bread,141,Food (Mt),2009,0,B
231,USA,20,Bread,141,Food (Mt),2010,0,B
231,USA,20,Bread,141,Food (Mt),2011,0,B
231,USA,20,Bread,261,Food: Total Calories Eqv (Mln U),2000,249, 
231,USA,20,Bread,261,Food: Total Calories Eqv (Mln U),2001,249, 
231,USA,20,Bread,261,Food: Total Calories Eqv (Mln U),2002,249, 
231,USA,20,Bread,261,Food: Total Calories Eqv (Mln U),2003,249, 
231,USA,20,Bread,261,Food: Total Calories Eqv (Mln U),2004,249, 
231,USA,20,Bread,261,Food: Total Calories Eqv (Mln U),2005,249, 
231,USA,20,Bread,261,Food: Total Calories Eqv (Mln U),2006,249, 
231,USA,20,Bread,261,Food: Total Calories Eqv (Mln U),2007,249, 
231,USA,20,Bread,261,Food: Total Calories Eqv (Mln U),2008,249, 
231,USA,20,Bread,261,Food: Total Calories Eqv (Mln U),2009,249, 
231,USA,20,Bread,261,Food: Total Calories Eqv (Mln U),2010,249, 
231,USA,20,Bread,261,Food: Total Calories Eqv (Mln U),2011,249, 
231,USA,20,Bread,271,Food: Total Proteins Eqv (Mt),2000,82, 
231,USA,20,Bread,271,Food: Total Proteins Eqv (Mt),2001,82, 
231,USA,20,Bread,271,Food: Total Proteins Eqv (Mt),2002,82, 
231,USA,20,Bread,271,Food: Total Proteins Eqv (Mt),2003,82, 
231,USA,20,Bread,271,Food: Total Proteins Eqv (Mt),2004,82, 
231,USA,20,Bread,271,Food: Total Proteins Eqv (Mt),2005,82, 
231,USA,20,Bread,271,Food: Total Proteins Eqv (Mt),2006,82, 
231,USA,20,Bread,271,Food: Total Proteins Eqv (Mt),2007,82, 
231,USA,20,Bread,271,Food: Total Proteins Eqv (Mt),2008,82, 
231,USA,20,Bread,271,Food: Total Proteins Eqv (Mt),2009,82, 
231,USA,20,Bread,271,Food: Total Proteins Eqv (Mt),2010,82, 
231,USA,20,Bread,271,Food: Total Proteins Eqv (Mt),2011,82, 
231,USA,20,Bread,281,Food: Total Fats Eqv (Mt),2000,12, 
231,USA,20,Bread,281,Food: Total Fats Eqv (Mt),2001,12, 
231,USA,20,Bread,281,Food: Total Fats Eqv (Mt),2002,12, 
231,USA,20,Bread,281,Food: Total Fats Eqv (Mt),2003,12, 
231,USA,20,Bread,281,Food: Total Fats Eqv (Mt),2004,12, 
231,USA,20,Bread,281,Food: Total Fats Eqv (Mt),2005,12, 
231,USA,20,Bread,281,Food: Total Fats Eqv (Mt),2006,12, 
231,USA,20,Bread,281,Food: Total Fats Eqv (Mt),2007,12, 
231,USA,20,Bread,281,Food: Total Fats Eqv (Mt),2008,12, 
231,USA,20,Bread,281,Food: Total Fats Eqv (Mt),2009,12, 
231,USA,20,Bread,281,Food: Total Fats Eqv (Mt),2010,12, 
231,USA,20,Bread,281,Food: Total Fats Eqv (Mt),2011,12, 
231,USA,21,"Bulgur, Wholemeal",141,Food (Mt),2000,0,B
231,USA,21,"Bulgur, Wholemeal",141,Food (Mt),2001,0,B
231,USA,21,"Bulgur, Wholemeal",141,Food (Mt),2002,0,B
231,USA,21,"Bulgur, Wholemeal",141,Food (Mt),2003,0,B
231,USA,21,"Bulgur, Wholemeal",141,Food (Mt),2004,0,B
231,USA,21,"Bulgur, Wholemeal",141,Food (Mt),2005,0,B
231,USA,21,"Bulgur, Wholemeal",141,Food (Mt),2006,0,B
231,USA,21,"Bulgur, Wholemeal",141,Food (Mt),2007,0,B
231,USA,21,"Bulgur, Wholemeal",141,Food (Mt),2008,0,B
231,USA,21,"Bulgur, Wholemeal",141,Food (Mt),2009,0,B
231,USA,21,"Bulgur, Wholemeal",141,Food (Mt),2010,0,B
231,USA,21,"Bulgur, Wholemeal",141,Food (Mt),2011,0,B
231,USA,21,"Bulgur, Wholemeal",261,Food: Total Calories Eqv (Mln U),2000,345, 
231,USA,21,"Bulgur, Wholemeal",261,Food: Total Calories Eqv (Mln U),2001,345, 
231,USA,21,"Bulgur, Wholemeal",261,Food: Total Calories Eqv (Mln U),2002,345, 
231,USA,21,"Bulgur, Wholemeal",261,Food: Total Calories Eqv (Mln U),2003,345, 
231,USA,21,"Bulgur, Wholemeal",261,Food: Total Calories Eqv (Mln U),2004,345, 
231,USA,21,"Bulgur, Wholemeal",261,Food: Total Calories Eqv (Mln U),2005,345, 
231,USA,21,"Bulgur, Wholemeal",261,Food: Total Calories Eqv (Mln U),2006,345, 
231,USA,21,"Bulgur, Wholemeal",261,Food: Total Calories Eqv (Mln U),2007,345, 
231,USA,21,"Bulgur, Wholemeal",261,Food: Total Calories Eqv (Mln U),2008,345, 
231,USA,21,"Bulgur, Wholemeal",261,Food: Total Calories Eqv (Mln U),2009,345, 
231,USA,21,"Bulgur, Wholemeal",261,Food: Total Calories Eqv (Mln U),2010,345, 
231,USA,21,"Bulgur, Wholemeal",261,Food: Total Calories Eqv (Mln U),2011,345, 
231,USA,21,"Bulgur, Wholemeal",271,Food: Total Proteins Eqv (Mt),2000,123, 
231,USA,21,"Bulgur, Wholemeal",271,Food: Total Proteins Eqv (Mt),2001,123, 
231,USA,21,"Bulgur, Wholemeal",271,Food: Total Proteins Eqv (Mt),2002,123, 
231,USA,21,"Bulgur, Wholemeal",271,Food: Total Proteins Eqv (Mt),2003,123, 
231,USA,21,"Bulgur, Wholemeal",271,Food: Total Proteins Eqv (Mt),2004,123, 
231,USA,21,"Bulgur, Wholemeal",271,Food: Total Proteins Eqv (Mt),2005,123, 
231,USA,21,"Bulgur, Wholemeal",271,Food: Total Proteins Eqv (Mt),2006,123, 
231,USA,21,"Bulgur, Wholemeal",271,Food: Total Proteins Eqv (Mt),2007,123, 
231,USA,21,"Bulgur, Wholemeal",271,Food: Total Proteins Eqv (Mt),2008,123, 
231,USA,21,"Bulgur, Wholemeal",271,Food: Total Proteins Eqv (Mt),2009,123, 
231,USA,21,"Bulgur, Wholemeal",271,Food: Total Proteins Eqv (Mt),2010,123, 
231,USA,21,"Bulgur, Wholemeal",271,Food: Total Proteins Eqv (Mt),2011,123, 
231,USA,21,"Bulgur, Wholemeal",281,Food: Total Fats Eqv (Mt),2000,20, 
231,USA,21,"Bulgur, Wholemeal",281,Food: Total Fats Eqv (Mt),2001,20, 
231,USA,21,"Bulgur, Wholemeal",281,Food: Total Fats Eqv (Mt),2002,20, 
231,USA,21,"Bulgur, Wholemeal",281,Food: Total Fats Eqv (Mt),2003,20, 
231,USA,21,"Bulgur, Wholemeal",281,Food: Total Fats Eqv (Mt),2004,20, 
231,USA,21,"Bulgur, Wholemeal",281,Food: Total Fats Eqv (Mt),2005,20, 
231,USA,21,"Bulgur, Wholemeal",281,Food: Total Fats Eqv (Mt),2006,20, 
231,USA,21,"Bulgur, Wholemeal",281,Food: Total Fats Eqv (Mt),2007,20, 
231,USA,21,"Bulgur, Wholemeal",281,Food: Total Fats Eqv (Mt),2008,20, 
231,USA,21,"Bulgur, Wholemeal",281,Food: Total Fats Eqv (Mt),2009,20, 
231,USA,21,"Bulgur, Wholemeal",281,Food: Total Fats Eqv (Mt),2010,20, 
231,USA,21,"Bulgur, Wholemeal",281,Food: Total Fats Eqv (Mt),2011,20, 
231,USA,22,Pastry,141,Food (Mt),2000,0,B
231,USA,22,Pastry,141,Food (Mt),2001,0,B
231,USA,22,Pastry,141,Food (Mt),2002,0,B
231,USA,22,Pastry,141,Food (Mt),2003,0,B
231,USA,22,Pastry,141,Food (Mt),2004,0,B
231,USA,22,Pastry,141,Food (Mt),2005,0,B
231,USA,22,Pastry,141,Food (Mt),2006,0,B
231,USA,22,Pastry,141,Food (Mt),2007,0,B
231,USA,22,Pastry,141,Food (Mt),2008,0,B
231,USA,22,Pastry,141,Food (Mt),2009,0,B
231,USA,22,Pastry,141,Food (Mt),2010,0,B
231,USA,22,Pastry,141,Food (Mt),2011,0,B
231,USA,22,Pastry,261,Food: Total Calories Eqv (Mln U),2000,369, 
231,USA,22,Pastry,261,Food: Total Calories Eqv (Mln U),2001,369, 
231,USA,22,Pastry,261,Food: Total Calories Eqv (Mln U),2002,369, 
231,USA,22,Pastry,261,Food: Total Calories Eqv (Mln U),2003,369, 
231,USA,22,Pastry,261,Food: Total Calories Eqv (Mln U),2004,369, 
231,USA,22,Pastry,261,Food: Total Calories Eqv (Mln U),2005,369, 
231,USA,22,Pastry,261,Food: Total Calories Eqv (Mln U),2006,369, 
231,USA,22,Pastry,261,Food: Total Calories Eqv (Mln U),2007,369, 
231,USA,22,Pastry,261,Food: Total Calories Eqv (Mln U),2008,369, 
231,USA,22,Pastry,261,Food: Total Calories Eqv (Mln U),2009,369, 
231,USA,22,Pastry,261,Food: Total Calories Eqv (Mln U),2010,369, 
231,USA,22,Pastry,261,Food: Total Calories Eqv (Mln U),2011,369, 
231,USA,22,Pastry,271,Food: Total Proteins Eqv (Mt),2000,74, 
231,USA,22,Pastry,271,Food: Total Proteins Eqv (Mt),2001,74, 
231,USA,22,Pastry,271,Food: Total Proteins Eqv (Mt),2002,74, 
231,USA,22,Pastry,271,Food: Total Proteins Eqv (Mt),2003,74, 
231,USA,22,Pastry,271,Food: Total Proteins Eqv (Mt),2004,74, 
231,USA,22,Pastry,271,Food: Total Proteins Eqv (Mt),2005,74, 
231,USA,22,Pastry,271,Food: Total Proteins Eqv (Mt),2006,74, 
231,USA,22,Pastry,271,Food: Total Proteins Eqv (Mt),2007,74, 
231,USA,22,Pastry,271,Food: Total Proteins Eqv (Mt),2008,74, 
231,USA,22,Pastry,271,Food: Total Proteins Eqv (Mt),2009,74, 
231,USA,22,Pastry,271,Food: Total Proteins Eqv (Mt),2010,74, 
231,USA,22,Pastry,271,Food: Total Proteins Eqv (Mt),2011,74, 
231,USA,22,Pastry,281,Food: Total Fats Eqv (Mt),2000,170, 
231,USA,22,Pastry,281,Food: Total Fats Eqv (Mt),2001,170, 
231,USA,22,Pastry,281,Food: Total Fats Eqv (Mt),2002,170, 
231,USA,22,Pastry,281,Food: Total Fats Eqv (Mt),2003,170, 
231,USA,22,Pastry,281,Food: Total Fats Eqv (Mt),2004,170, 
231,USA,22,Pastry,281,Food: Total Fats Eqv (Mt),2005,170, 
231,USA,22,Pastry,281,Food: Total Fats Eqv (Mt),2006,170, 
231,USA,22,Pastry,281,Food: Total Fats Eqv (Mt),2007,170, 
231,USA,22,Pastry,281,Food: Total Fats Eqv (Mt),2008,170, 
231,USA,22,Pastry,281,Food: Total Fats Eqv (Mt),2009,170, 
231,USA,22,Pastry,281,Food: Total Fats Eqv (Mt),2010,170, 
231,USA,22,Pastry,281,Food: Total Fats Eqv (Mt),2011,170, 
231,USA,23,Wheat Starch,261,Food: Total Calories Eqv (Mln U),2000,362, 
231,USA,23,Wheat Starch,261,Food: Total Calories Eqv (Mln U),2001,362, 
231,USA,23,Wheat Starch,261,Food: Total Calories Eqv (Mln U),2002,362, 
231,USA,23,Wheat Starch,261,Food: Total Calories Eqv (Mln U),2003,362, 
231,USA,23,Wheat Starch,261,Food: Total Calories Eqv (Mln U),2004,362, 
231,USA,23,Wheat Starch,261,Food: Total Calories Eqv (Mln U),2005,362, 
231,USA,23,Wheat Starch,261,Food: Total Calories Eqv (Mln U),2006,362, 
231,USA,23,Wheat Starch,261,Food: Total Calories Eqv (Mln U),2007,362, 
231,USA,23,Wheat Starch,261,Food: Total Calories Eqv (Mln U),2008,362, 
231,USA,23,Wheat Starch,261,Food: Total Calories Eqv (Mln U),2009,362, 
231,USA,23,Wheat Starch,261,Food: Total Calories Eqv (Mln U),2010,362, 
231,USA,23,Wheat Starch,261,Food: Total Calories Eqv (Mln U),2011,362, 
231,USA,23,Wheat Starch,271,Food: Total Proteins Eqv (Mt),2000,5, 
231,USA,23,Wheat Starch,271,Food: Total Proteins Eqv (Mt),2001,5, 
231,USA,23,Wheat Starch,271,Food: Total Proteins Eqv (Mt),2002,5, 
231,USA,23,Wheat Starch,271,Food: Total Proteins Eqv (Mt),2003,5, 
231,USA,23,Wheat Starch,271,Food: Total Proteins Eqv (Mt),2004,5, 
231,USA,23,Wheat Starch,271,Food: Total Proteins Eqv (Mt),2005,5, 
231,USA,23,Wheat Starch,271,Food: Total Proteins Eqv (Mt),2006,5, 
231,USA,23,Wheat Starch,271,Food: Total Proteins Eqv (Mt),2007,5, 
231,USA,23,Wheat Starch,271,Food: Total Proteins Eqv (Mt),2008,5, 
231,USA,23,Wheat Starch,271,Food: Total Proteins Eqv (Mt),2009,5, 
231,USA,23,Wheat Starch,271,Food: Total Proteins Eqv (Mt),2010,5, 
231,USA,23,Wheat Starch,271,Food: Total Proteins Eqv (Mt),2011,5, 
231,USA,23,Wheat Starch,281,Food: Total Fats Eqv (Mt),2000,3, 
231,USA,23,Wheat Starch,281,Food: Total Fats Eqv (Mt),2001,3, 
231,USA,23,Wheat Starch,281,Food: Total Fats Eqv (Mt),2002,3, 
231,USA,23,Wheat Starch,281,Food: Total Fats Eqv (Mt),2003,3, 
231,USA,23,Wheat Starch,281,Food: Total Fats Eqv (Mt),2004,3, 
231,USA,23,Wheat Starch,281,Food: Total Fats Eqv (Mt),2005,3, 
231,USA,23,Wheat Starch,281,Food: Total Fats Eqv (Mt),2006,3, 
231,USA,23,Wheat Starch,281,Food: Total Fats Eqv (Mt),2007,3, 
231,USA,23,Wheat Starch,281,Food: Total Fats Eqv (Mt),2008,3, 
231,USA,23,Wheat Starch,281,Food: Total Fats Eqv (Mt),2009,3, 
231,USA,23,Wheat Starch,281,Food: Total Fats Eqv (Mt),2010,3, 
231,USA,23,Wheat Starch,281,Food: Total Fats Eqv (Mt),2011,3, 
231,USA,24,Wheat Gluten,261,Food: Total Calories Eqv (Mln U),2000,380, 
231,USA,24,Wheat Gluten,261,Food: Total Calories Eqv (Mln U),2001,380, 
231,USA,24,Wheat Gluten,261,Food: Total Calories Eqv (Mln U),2002,380, 
231,USA,24,Wheat Gluten,261,Food: Total Calories Eqv (Mln U),2003,380, 
231,USA,24,Wheat Gluten,261,Food: Total Calories Eqv (Mln U),2004,380, 
231,USA,24,Wheat Gluten,261,Food: Total Calories Eqv (Mln U),2005,380, 
231,USA,24,Wheat Gluten,261,Food: Total Calories Eqv (Mln U),2006,380, 
231,USA,24,Wheat Gluten,261,Food: Total Calories Eqv (Mln U),2007,380, 
231,USA,24,Wheat Gluten,261,Food: Total Calories Eqv (Mln U),2008,380, 
231,USA,24,Wheat Gluten,261,Food: Total Calories Eqv (Mln U),2009,380, 
231,USA,24,Wheat Gluten,261,Food: Total Calories Eqv (Mln U),2010,380, 
231,USA,24,Wheat Gluten,261,Food: Total Calories Eqv (Mln U),2011,380, 
231,USA,24,Wheat Gluten,271,Food: Total Proteins Eqv (Mt),2000,950, 
231,USA,24,Wheat Gluten,271,Food: Total Proteins Eqv (Mt),2001,950, 
231,USA,24,Wheat Gluten,271,Food: Total Proteins Eqv (Mt),2002,950, 
231,USA,24,Wheat Gluten,271,Food: Total Proteins Eqv (Mt),2003,950, 
231,USA,24,Wheat Gluten,271,Food: Total Proteins Eqv (Mt),2004,950, 
231,USA,24,Wheat Gluten,271,Food: Total Proteins Eqv (Mt),2005,950, 
231,USA,24,Wheat Gluten,271,Food: Total Proteins Eqv (Mt),2006,950, 
231,USA,24,Wheat Gluten,271,Food: Total Proteins Eqv (Mt),2007,950, 
231,USA,24,Wheat Gluten,271,Food: Total Proteins Eqv (Mt),2008,950, 
231,USA,24,Wheat Gluten,271,Food: Total Proteins Eqv (Mt),2009,950, 
231,USA,24,Wheat Gluten,271,Food: Total Proteins Eqv (Mt),2010,950, 
231,USA,24,Wheat Gluten,271,Food: Total Proteins Eqv (Mt),2011,950, 
231,USA,24,Wheat Gluten,281,Food: Total Fats Eqv (Mt),2000,0, 
231,USA,24,Wheat Gluten,281,Food: Total Fats Eqv (Mt),2001,0, 
231,USA,24,Wheat Gluten,281,Food: Total Fats Eqv (Mt),2002,0, 
231,USA,24,Wheat Gluten,281,Food: Total Fats Eqv (Mt),2003,0, 
231,USA,24,Wheat Gluten,281,Food: Total Fats Eqv (Mt),2004,0, 
231,USA,24,Wheat Gluten,281,Food: Total Fats Eqv (Mt),2005,0, 
231,USA,24,Wheat Gluten,281,Food: Total Fats Eqv (Mt),2006,0, 
231,USA,24,Wheat Gluten,281,Food: Total Fats Eqv (Mt),2007,0, 
231,USA,24,Wheat Gluten,281,Food: Total Fats Eqv (Mt),2008,0, 
231,USA,24,Wheat Gluten,281,Food: Total Fats Eqv (Mt),2009,0, 
231,USA,24,Wheat Gluten,281,Food: Total Fats Eqv (Mt),2010,0, 
231,USA,24,Wheat Gluten,281,Food: Total Fats Eqv (Mt),2011,0, 
231,USA,26,Wheat Fermented Beverage,261,Food: Total Calories Eqv (Mln U),2000,60, 
231,USA,26,Wheat Fermented Beverage,261,Food: Total Calories Eqv (Mln U),2001,60, 
231,USA,26,Wheat Fermented Beverage,261,Food: Total Calories Eqv (Mln U),2002,60, 
231,USA,26,Wheat Fermented Beverage,261,Food: Total Calories Eqv (Mln U),2003,60, 
231,USA,26,Wheat Fermented Beverage,261,Food: Total Calories Eqv (Mln U),2004,60, 
231,USA,26,Wheat Fermented Beverage,261,Food: Total Calories Eqv (Mln U),2005,60, 
231,USA,26,Wheat Fermented Beverage,261,Food: Total Calories Eqv (Mln U),2006,60, 
231,USA,26,Wheat Fermented Beverage,261,Food: Total Calories Eqv (Mln U),2007,60, 
231,USA,26,Wheat Fermented Beverage,261,Food: Total Calories Eqv (Mln U),2008,60, 
231,USA,26,Wheat Fermented Beverage,261,Food: Total Calories Eqv (Mln U),2009,60, 
231,USA,26,Wheat Fermented Beverage,261,Food: Total Calories Eqv (Mln U),2010,60, 
231,USA,26,Wheat Fermented Beverage,261,Food: Total Calories Eqv (Mln U),2011,60, 
231,USA,26,Wheat Fermented Beverage,271,Food: Total Proteins Eqv (Mt),2000,19, 
231,USA,26,Wheat Fermented Beverage,271,Food: Total Proteins Eqv (Mt),2001,19, 
231,USA,26,Wheat Fermented Beverage,271,Food: Total Proteins Eqv (Mt),2002,19, 
231,USA,26,Wheat Fermented Beverage,271,Food: Total Proteins Eqv (Mt),2003,19, 
231,USA,26,Wheat Fermented Beverage,271,Food: Total Proteins Eqv (Mt),2004,19, 
231,USA,26,Wheat Fermented Beverage,271,Food: Total Proteins Eqv (Mt),2005,19, 
231,USA,26,Wheat Fermented Beverage,271,Food: Total Proteins Eqv (Mt),2006,19, 
231,USA,26,Wheat Fermented Beverage,271,Food: Total Proteins Eqv (Mt),2007,19, 
231,USA,26,Wheat Fermented Beverage,271,Food: Total Proteins Eqv (Mt),2008,19, 
231,USA,26,Wheat Fermented Beverage,271,Food: Total Proteins Eqv (Mt),2009,19, 
231,USA,26,Wheat Fermented Beverage,271,Food: Total Proteins Eqv (Mt),2010,19, 
231,USA,26,Wheat Fermented Beverage,271,Food: Total Proteins Eqv (Mt),2011,19, 
231,USA,26,Wheat Fermented Beverage,281,Food: Total Fats Eqv (Mt),2000,3, 
231,USA,26,Wheat Fermented Beverage,281,Food: Total Fats Eqv (Mt),2001,3, 
231,USA,26,Wheat Fermented Beverage,281,Food: Total Fats Eqv (Mt),2002,3, 
231,USA,26,Wheat Fermented Beverage,281,Food: Total Fats Eqv (Mt),2003,3, 
231,USA,26,Wheat Fermented Beverage,281,Food: Total Fats Eqv (Mt),2004,3, 
231,USA,26,Wheat Fermented Beverage,281,Food: Total Fats Eqv (Mt),2005,3, 
231,USA,26,Wheat Fermented Beverage,281,Food: Total Fats Eqv (Mt),2006,3, 
231,USA,26,Wheat Fermented Beverage,281,Food: Total Fats Eqv (Mt),2007,3, 
231,USA,26,Wheat Fermented Beverage,281,Food: Total Fats Eqv (Mt),2008,3, 
231,USA,26,Wheat Fermented Beverage,281,Food: Total Fats Eqv (Mt),2009,3, 
231,USA,26,Wheat Fermented Beverage,281,Food: Total Fats Eqv (Mt),2010,3, 
231,USA,26,Wheat Fermented Beverage,281,Food: Total Fats Eqv (Mt),2011,3, 
231,USA,41,Breakfast Cereals,141,Food (Mt),2000,0,B
231,USA,41,Breakfast Cereals,141,Food (Mt),2001,0,B
231,USA,41,Breakfast Cereals,141,Food (Mt),2002,0,B
231,USA,41,Breakfast Cereals,141,Food (Mt),2003,0,B
231,USA,41,Breakfast Cereals,141,Food (Mt),2004,0,B
231,USA,41,Breakfast Cereals,141,Food (Mt),2005,0,B
231,USA,41,Breakfast Cereals,141,Food (Mt),2006,0,B
231,USA,41,Breakfast Cereals,141,Food (Mt),2007,0,B
231,USA,41,Breakfast Cereals,141,Food (Mt),2008,0,B
231,USA,41,Breakfast Cereals,141,Food (Mt),2009,0,B
231,USA,41,Breakfast Cereals,141,Food (Mt),2010,0,B
231,USA,41,Breakfast Cereals,141,Food (Mt),2011,0,B
231,USA,41,Breakfast Cereals,261,Food: Total Calories Eqv (Mln U),2000,389, 
231,USA,41,Breakfast Cereals,261,Food: Total Calories Eqv (Mln U),2001,389, 
231,USA,41,Breakfast Cereals,261,Food: Total Calories Eqv (Mln U),2002,389, 
231,USA,41,Breakfast Cereals,261,Food: Total Calories Eqv (Mln U),2003,389, 
231,USA,41,Breakfast Cereals,261,Food: Total Calories Eqv (Mln U),2004,389, 
231,USA,41,Breakfast Cereals,261,Food: Total Calories Eqv (Mln U),2005,389, 
231,USA,41,Breakfast Cereals,261,Food: Total Calories Eqv (Mln U),2006,389, 
231,USA,41,Breakfast Cereals,261,Food: Total Calories Eqv (Mln U),2007,389, 
231,USA,41,Breakfast Cereals,261,Food: Total Calories Eqv (Mln U),2008,389, 
231,USA,41,Breakfast Cereals,261,Food: Total Calories Eqv (Mln U),2009,389, 
231,USA,41,Breakfast Cereals,261,Food: Total Calories Eqv (Mln U),2010,389, 
231,USA,41,Breakfast Cereals,261,Food: Total Calories Eqv (Mln U),2011,389, 
231,USA,41,Breakfast Cereals,271,Food: Total Proteins Eqv (Mt),2000,74, 
231,USA,41,Breakfast Cereals,271,Food: Total Proteins Eqv (Mt),2001,74, 
231,USA,41,Breakfast Cereals,271,Food: Total Proteins Eqv (Mt),2002,74, 
231,USA,41,Breakfast Cereals,271,Food: Total Proteins Eqv (Mt),2003,74, 
231,USA,41,Breakfast Cereals,271,Food: Total Proteins Eqv (Mt),2004,74, 
231,USA,41,Breakfast Cereals,271,Food: Total Proteins Eqv (Mt),2005,74, 
231,USA,41,Breakfast Cereals,271,Food: Total Proteins Eqv (Mt),2006,74, 
231,USA,41,Breakfast Cereals,271,Food: Total Proteins Eqv (Mt),2007,74, 
231,USA,41,Breakfast Cereals,271,Food: Total Proteins Eqv (Mt),2008,74, 
231,USA,41,Breakfast Cereals,271,Food: Total Proteins Eqv (Mt),2009,74, 
231,USA,41,Breakfast Cereals,271,Food: Total Proteins Eqv (Mt),2010,74, 
231,USA,41,Breakfast Cereals,271,Food: Total Proteins Eqv (Mt),2011,74, 
231,USA,41,Breakfast Cereals,281,Food: Total Fats Eqv (Mt),2000,7, 
231,USA,41,Breakfast Cereals,281,Food: Total Fats Eqv (Mt),2001,7, 
231,USA,41,Breakfast Cereals,281,Food: Total Fats Eqv (Mt),2002,7, 
231,USA,41,Breakfast Cereals,281,Food: Total Fats Eqv (Mt),2003,7, 
231,USA,41,Breakfast Cereals,281,Food: Total Fats Eqv (Mt),2004,7, 
231,USA,41,Breakfast Cereals,281,Food: Total Fats Eqv (Mt),2005,7, 
231,USA,41,Breakfast Cereals,281,Food: Total Fats Eqv (Mt),2006,7, 
231,USA,41,Breakfast Cereals,281,Food: Total Fats Eqv (Mt),2007,7, 
231,USA,41,Breakfast Cereals,281,Food: Total Fats Eqv (Mt),2008,7, 
231,USA,41,Breakfast Cereals,281,Food: Total Fats Eqv (Mt),2009,7, 
231,USA,41,Breakfast Cereals,281,Food: Total Fats Eqv (Mt),2010,7, 
231,USA,41,Breakfast Cereals,281,Food: Total Fats Eqv (Mt),2011,7, 
231,USA,49,Malt of Barley,261,Food: Total Calories Eqv (Mln U),2000,368, 
231,USA,49,Malt of Barley,261,Food: Total Calories Eqv (Mln U),2001,368, 
231,USA,49,Malt of Barley,261,Food: Total Calories Eqv (Mln U),2002,368, 
231,USA,49,Malt of Barley,261,Food: Total Calories Eqv (Mln U),2003,368, 
231,USA,49,Malt of Barley,261,Food: Total Calories Eqv (Mln U),2004,368, 
231,USA,49,Malt of Barley,261,Food: Total Calories Eqv (Mln U),2005,368, 
231,USA,49,Malt of Barley,261,Food: Total Calories Eqv (Mln U),2006,368, 
231,USA,49,Malt of Barley,261,Food: Total Calories Eqv (Mln U),2007,368, 
231,USA,49,Malt of Barley,261,Food: Total Calories Eqv (Mln U),2008,368, 
231,USA,49,Malt of Barley,261,Food: Total Calories Eqv (Mln U),2009,368, 
231,USA,49,Malt of Barley,261,Food: Total Calories Eqv (Mln U),2010,368, 
231,USA,49,Malt of Barley,261,Food: Total Calories Eqv (Mln U),2011,368, 
231,USA,49,Malt of Barley,271,Food: Total Proteins Eqv (Mt),2000,131, 
231,USA,49,Malt of Barley,271,Food: Total Proteins Eqv (Mt),2001,131, 
231,USA,49,Malt of Barley,271,Food: Total Proteins Eqv (Mt),2002,131, 
231,USA,49,Malt of Barley,271,Food: Total Proteins Eqv (Mt),2003,131, 
231,USA,49,Malt of Barley,271,Food: Total Proteins Eqv (Mt),2004,131, 
231,USA,49,Malt of Barley,271,Food: Total Proteins Eqv (Mt),2005,131, 
231,USA,49,Malt of Barley,271,Food: Total Proteins Eqv (Mt),2006,131, 
231,USA,49,Malt of Barley,271,Food: Total Proteins Eqv (Mt),2007,131, 
231,USA,49,Malt of Barley,271,Food: Total Proteins Eqv (Mt),2008,131, 
231,USA,49,Malt of Barley,271,Food: Total Proteins Eqv (Mt),2009,131, 
231,USA,49,Malt of Barley,271,Food: Total Proteins Eqv (Mt),2010,131, 
231,USA,49,Malt of Barley,271,Food: Total Proteins Eqv (Mt),2011,131, 
231,USA,49,Malt of Barley,281,Food: Total Fats Eqv (Mt),2000,19, 
231,USA,49,Malt of Barley,281,Food: Total Fats Eqv (Mt),2001,19, 
231,USA,49,Malt of Barley,281,Food: Total Fats Eqv (Mt),2002,19, 
231,USA,49,Malt of Barley,281,Food: Total Fats Eqv (Mt),2003,19, 
231,USA,49,Malt of Barley,281,Food: Total Fats Eqv (Mt),2004,19, 
231,USA,49,Malt of Barley,281,Food: Total Fats Eqv (Mt),2005,19, 
231,USA,49,Malt of Barley,281,Food: Total Fats Eqv (Mt),2006,19, 
231,USA,49,Malt of Barley,281,Food: Total Fats Eqv (Mt),2007,19, 
231,USA,49,Malt of Barley,281,Food: Total Fats Eqv (Mt),2008,19, 
231,USA,49,Malt of Barley,281,Food: Total Fats Eqv (Mt),2009,19, 
231,USA,49,Malt of Barley,281,Food: Total Fats Eqv (Mt),2010,19, 
231,USA,49,Malt of Barley,281,Food: Total Fats Eqv (Mt),2011,19, 
231,USA,50,Malt Extracts,141,Food (Mt),2000,0,B
231,USA,50,Malt Extracts,141,Food (Mt),2001,0,B
231,USA,50,Malt Extracts,141,Food (Mt),2002,0,B
231,USA,50,Malt Extracts,141,Food (Mt),2003,0,B
231,USA,50,Malt Extracts,141,Food (Mt),2004,0,B
231,USA,50,Malt Extracts,141,Food (Mt),2005,0,B
231,USA,50,Malt Extracts,141,Food (Mt),2006,0,B
231,USA,50,Malt Extracts,141,Food (Mt),2007,0,B
231,USA,50,Malt Extracts,141,Food (Mt),2008,0,B
231,USA,50,Malt Extracts,141,Food (Mt),2009,0,B
231,USA,50,Malt Extracts,141,Food (Mt),2010,0,B
231,USA,50,Malt Extracts,141,Food (Mt),2011,0,B
231,USA,50,Malt Extracts,261,Food: Total Calories Eqv (Mln U),2000,367, 
231,USA,50,Malt Extracts,261,Food: Total Calories Eqv (Mln U),2001,367, 
231,USA,50,Malt Extracts,261,Food: Total Calories Eqv (Mln U),2002,367, 
231,USA,50,Malt Extracts,261,Food: Total Calories Eqv (Mln U),2003,367, 
231,USA,50,Malt Extracts,261,Food: Total Calories Eqv (Mln U),2004,367, 
231,USA,50,Malt Extracts,261,Food: Total Calories Eqv (Mln U),2005,367, 
231,USA,50,Malt Extracts,261,Food: Total Calories Eqv (Mln U),2006,367, 
231,USA,50,Malt Extracts,261,Food: Total Calories Eqv (Mln U),2007,367, 
231,USA,50,Malt Extracts,261,Food: Total Calories Eqv (Mln U),2008,367, 
231,USA,50,Malt Extracts,261,Food: Total Calories Eqv (Mln U),2009,367, 
231,USA,50,Malt Extracts,261,Food: Total Calories Eqv (Mln U),2010,367, 
231,USA,50,Malt Extracts,261,Food: Total Calories Eqv (Mln U),2011,367, 
231,USA,50,Malt Extracts,271,Food: Total Proteins Eqv (Mt),2000,60, 
231,USA,50,Malt Extracts,271,Food: Total Proteins Eqv (Mt),2001,60, 
231,USA,50,Malt Extracts,271,Food: Total Proteins Eqv (Mt),2002,60, 
231,USA,50,Malt Extracts,271,Food: Total Proteins Eqv (Mt),2003,60, 
231,USA,50,Malt Extracts,271,Food: Total Proteins Eqv (Mt),2004,60, 
231,USA,50,Malt Extracts,271,Food: Total Proteins Eqv (Mt),2005,60, 
231,USA,50,Malt Extracts,271,Food: Total Proteins Eqv (Mt),2006,60, 
231,USA,50,Malt Extracts,271,Food: Total Proteins Eqv (Mt),2007,60, 
231,USA,50,Malt Extracts,271,Food: Total Proteins Eqv (Mt),2008,60, 
231,USA,50,Malt Extracts,271,Food: Total Proteins Eqv (Mt),2009,60, 
231,USA,50,Malt Extracts,271,Food: Total Proteins Eqv (Mt),2010,60, 
231,USA,50,Malt Extracts,271,Food: Total Proteins Eqv (Mt),2011,60, 
231,USA,50,Malt Extracts,281,Food: Total Fats Eqv (Mt),2000,0, 
231,USA,50,Malt Extracts,281,Food: Total Fats Eqv (Mt),2001,0, 
231,USA,50,Malt Extracts,281,Food: Total Fats Eqv (Mt),2002,0, 
231,USA,50,Malt Extracts,281,Food: Total Fats Eqv (Mt),2003,0, 
231,USA,50,Malt Extracts,281,Food: Total Fats Eqv (Mt),2004,0, 
231,USA,50,Malt Extracts,281,Food: Total Fats Eqv (Mt),2005,0, 
231,USA,50,Malt Extracts,281,Food: Total Fats Eqv (Mt),2006,0, 
231,USA,50,Malt Extracts,281,Food: Total Fats Eqv (Mt),2007,0, 
231,USA,50,Malt Extracts,281,Food: Total Fats Eqv (Mt),2008,0, 
231,USA,50,Malt Extracts,281,Food: Total Fats Eqv (Mt),2009,0, 
231,USA,50,Malt Extracts,281,Food: Total Fats Eqv (Mt),2010,0, 
231,USA,50,Malt Extracts,281,Food: Total Fats Eqv (Mt),2011,0, 
231,USA,51,Beer of Barley,141,Food (Mt),2000,0,B
231,USA,51,Beer of Barley,141,Food (Mt),2001,0,B
231,USA,51,Beer of Barley,141,Food (Mt),2002,0,B
231,USA,51,Beer of Barley,141,Food (Mt),2003,0,B
231,USA,51,Beer of Barley,141,Food (Mt),2004,0,B
231,USA,51,Beer of Barley,141,Food (Mt),2005,0,B
231,USA,51,Beer of Barley,141,Food (Mt),2006,0,B
231,USA,51,Beer of Barley,141,Food (Mt),2007,0,B
231,USA,51,Beer of Barley,141,Food (Mt),2008,0,B
231,USA,51,Beer of Barley,141,Food (Mt),2009,0,B
231,USA,51,Beer of Barley,141,Food (Mt),2010,0,B
231,USA,51,Beer of Barley,141,Food (Mt),2011,0,B
231,USA,51,Beer of Barley,261,Food: Total Calories Eqv (Mln U),2000,42, 
231,USA,51,Beer of Barley,261,Food: Total Calories Eqv (Mln U),2001,42, 
231,USA,51,Beer of Barley,261,Food: Total Calories Eqv (Mln U),2002,42, 
231,USA,51,Beer of Barley,261,Food: Total Calories Eqv (Mln U),2003,42, 
231,USA,51,Beer of Barley,261,Food: Total Calories Eqv (Mln U),2004,42, 
231,USA,51,Beer of Barley,261,Food: Total Calories Eqv (Mln U),2005,42, 
231,USA,51,Beer of Barley,261,Food: Total Calories Eqv (Mln U),2006,42, 
231,USA,51,Beer of Barley,261,Food: Total Calories Eqv (Mln U),2007,42, 
231,USA,51,Beer of Barley,261,Food: Total Calories Eqv (Mln U),2008,42, 
231,USA,51,Beer of Barley,261,Food: Total Calories Eqv (Mln U),2009,42, 
231,USA,51,Beer of Barley,261,Food: Total Calories Eqv (Mln U),2010,42, 
231,USA,51,Beer of Barley,261,Food: Total Calories Eqv (Mln U),2011,42, 
231,USA,51,Beer of Barley,271,Food: Total Proteins Eqv (Mt),2000,3, 
231,USA,51,Beer of Barley,271,Food: Total Proteins Eqv (Mt),2001,3, 
231,USA,51,Beer of Barley,271,Food: Total Proteins Eqv (Mt),2002,3, 
231,USA,51,Beer of Barley,271,Food: Total Proteins Eqv (Mt),2003,3, 
231,USA,51,Beer of Barley,271,Food: Total Proteins Eqv (Mt),2004,3, 
231,USA,51,Beer of Barley,271,Food: Total Proteins Eqv (Mt),2005,3, 
231,USA,51,Beer of Barley,271,Food: Total Proteins Eqv (Mt),2006,3, 
231,USA,51,Beer of Barley,271,Food: Total Proteins Eqv (Mt),2007,3, 
231,USA,51,Beer of Barley,271,Food: Total Proteins Eqv (Mt),2008,3, 
231,USA,51,Beer of Barley,271,Food: Total Proteins Eqv (Mt),2009,3, 
231,USA,51,Beer of Barley,271,Food: Total Proteins Eqv (Mt),2010,3, 
231,USA,51,Beer of Barley,271,Food: Total Proteins Eqv (Mt),2011,3, 
231,USA,51,Beer of Barley,281,Food: Total Fats Eqv (Mt),2000,0, 
231,USA,51,Beer of Barley,281,Food: Total Fats Eqv (Mt),2001,0, 
231,USA,51,Beer of Barley,281,Food: Total Fats Eqv (Mt),2002,0, 
231,USA,51,Beer of Barley,281,Food: Total Fats Eqv (Mt),2003,0, 
231,USA,51,Beer of Barley,281,Food: Total Fats Eqv (Mt),2004,0, 
231,USA,51,Beer of Barley,281,Food: Total Fats Eqv (Mt),2005,0, 
231,USA,51,Beer of Barley,281,Food: Total Fats Eqv (Mt),2006,0, 
231,USA,51,Beer of Barley,281,Food: Total Fats Eqv (Mt),2007,0, 
231,USA,51,Beer of Barley,281,Food: Total Fats Eqv (Mt),2008,0, 
231,USA,51,Beer of Barley,281,Food: Total Fats Eqv (Mt),2009,0, 
231,USA,51,Beer of Barley,281,Food: Total Fats Eqv (Mt),2010,0, 
231,USA,51,Beer of Barley,281,Food: Total Fats Eqv (Mt),2011,0, 
231,USA,110,Wafers,141,Food (Mt),2000,0,B
231,USA,110,Wafers,141,Food (Mt),2001,0,B
231,USA,110,Wafers,141,Food (Mt),2002,0,B
231,USA,110,Wafers,141,Food (Mt),2003,0,B
231,USA,110,Wafers,141,Food (Mt),2004,0,B
231,USA,110,Wafers,141,Food (Mt),2005,0,B
231,USA,110,Wafers,141,Food (Mt),2006,0,B
231,USA,110,Wafers,141,Food (Mt),2007,0,B
231,USA,110,Wafers,141,Food (Mt),2008,0,B
231,USA,110,Wafers,141,Food (Mt),2009,0,B
231,USA,110,Wafers,141,Food (Mt),2010,0,B
231,USA,110,Wafers,141,Food (Mt),2011,0,B
231,USA,110,Wafers,261,Food: Total Calories Eqv (Mln U),2000,439, 
231,USA,110,Wafers,261,Food: Total Calories Eqv (Mln U),2001,439, 
231,USA,110,Wafers,261,Food: Total Calories Eqv (Mln U),2002,439, 
231,USA,110,Wafers,261,Food: Total Calories Eqv (Mln U),2003,439, 
231,USA,110,Wafers,261,Food: Total Calories Eqv (Mln U),2004,439, 
231,USA,110,Wafers,261,Food: Total Calories Eqv (Mln U),2005,439, 
231,USA,110,Wafers,261,Food: Total Calories Eqv (Mln U),2006,439, 
231,USA,110,Wafers,261,Food: Total Calories Eqv (Mln U),2007,439, 
231,USA,110,Wafers,261,Food: Total Calories Eqv (Mln U),2008,439, 
231,USA,110,Wafers,261,Food: Total Calories Eqv (Mln U),2009,439, 
231,USA,110,Wafers,261,Food: Total Calories Eqv (Mln U),2010,439, 
231,USA,110,Wafers,261,Food: Total Calories Eqv (Mln U),2011,439, 
231,USA,110,Wafers,271,Food: Total Proteins Eqv (Mt),2000,92, 
231,USA,110,Wafers,271,Food: Total Proteins Eqv (Mt),2001,92, 
231,USA,110,Wafers,271,Food: Total Proteins Eqv (Mt),2002,92, 
231,USA,110,Wafers,271,Food: Total Proteins Eqv (Mt),2003,92, 
231,USA,110,Wafers,271,Food: Total Proteins Eqv (Mt),2004,92, 
231,USA,110,Wafers,271,Food: Total Proteins Eqv (Mt),2005,92, 
231,USA,110,Wafers,271,Food: Total Proteins Eqv (Mt),2006,92, 
231,USA,110,Wafers,271,Food: Total Proteins Eqv (Mt),2007,92, 
231,USA,110,Wafers,271,Food: Total Proteins Eqv (Mt),2008,92, 
231,USA,110,Wafers,271,Food: Total Proteins Eqv (Mt),2009,92, 
231,USA,110,Wafers,271,Food: Total Proteins Eqv (Mt),2010,92, 
231,USA,110,Wafers,271,Food: Total Proteins Eqv (Mt),2011,92, 
231,USA,110,Wafers,281,Food: Total Fats Eqv (Mt),2000,131, 
231,USA,110,Wafers,281,Food: Total Fats Eqv (Mt),2001,131, 
231,USA,110,Wafers,281,Food: Total Fats Eqv (Mt),2002,131, 
231,USA,110,Wafers,281,Food: Total Fats Eqv (Mt),2003,131, 
231,USA,110,Wafers,281,Food: Total Fats Eqv (Mt),2004,131, 
231,USA,110,Wafers,281,Food: Total Fats Eqv (Mt),2005,131, 
231,USA,110,Wafers,281,Food: Total Fats Eqv (Mt),2006,131, 
231,USA,110,Wafers,281,Food: Total Fats Eqv (Mt),2007,131, 
231,USA,110,Wafers,281,Food: Total Fats Eqv (Mt),2008,131, 
231,USA,110,Wafers,281,Food: Total Fats Eqv (Mt),2009,131, 
231,USA,110,Wafers,281,Food: Total Fats Eqv (Mt),2010,131, 
231,USA,110,Wafers,281,Food: Total Fats Eqv (Mt),2011,131, 
231,USA,113,Cereal Prep nes,141,Food (Mt),2000,0,B
231,USA,113,Cereal Prep nes,141,Food (Mt),2001,0,B
231,USA,113,Cereal Prep nes,141,Food (Mt),2002,0,B
231,USA,113,Cereal Prep nes,141,Food (Mt),2003,0,B
231,USA,113,Cereal Prep nes,141,Food (Mt),2004,0,B
231,USA,113,Cereal Prep nes,141,Food (Mt),2005,0,B
231,USA,113,Cereal Prep nes,141,Food (Mt),2006,0,B
231,USA,113,Cereal Prep nes,141,Food (Mt),2007,0,B
231,USA,113,Cereal Prep nes,141,Food (Mt),2008,0,B
231,USA,113,Cereal Prep nes,141,Food (Mt),2009,0,B
231,USA,113,Cereal Prep nes,141,Food (Mt),2010,0,B
231,USA,113,Cereal Prep nes,141,Food (Mt),2011,0,B
231,USA,113,Cereal Prep nes,261,Food: Total Calories Eqv (Mln U),2000,364, 
231,USA,113,Cereal Prep nes,261,Food: Total Calories Eqv (Mln U),2001,364, 
231,USA,113,Cereal Prep nes,261,Food: Total Calories Eqv (Mln U),2002,364, 
231,USA,113,Cereal Prep nes,261,Food: Total Calories Eqv (Mln U),2003,364, 
231,USA,113,Cereal Prep nes,261,Food: Total Calories Eqv (Mln U),2004,364, 
231,USA,113,Cereal Prep nes,261,Food: Total Calories Eqv (Mln U),2005,364, 
231,USA,113,Cereal Prep nes,261,Food: Total Calories Eqv (Mln U),2006,364, 
231,USA,113,Cereal Prep nes,261,Food: Total Calories Eqv (Mln U),2007,364, 
231,USA,113,Cereal Prep nes,261,Food: Total Calories Eqv (Mln U),2008,364, 
231,USA,113,Cereal Prep nes,261,Food: Total Calories Eqv (Mln U),2009,364, 
231,USA,113,Cereal Prep nes,261,Food: Total Calories Eqv (Mln U),2010,364, 
231,USA,113,Cereal Prep nes,261,Food: Total Calories Eqv (Mln U),2011,364, 
231,USA,113,Cereal Prep nes,271,Food: Total Proteins Eqv (Mt),2000,100, 
231,USA,113,Cereal Prep nes,271,Food: Total Proteins Eqv (Mt),2001,100, 
231,USA,113,Cereal Prep nes,271,Food: Total Proteins Eqv (Mt),2002,100, 
231,USA,113,Cereal Prep nes,271,Food: Total Proteins Eqv (Mt),2003,100, 
231,USA,113,Cereal Prep nes,271,Food: Total Proteins Eqv (Mt),2004,100, 
231,USA,113,Cereal Prep nes,271,Food: Total Proteins Eqv (Mt),2005,100, 
231,USA,113,Cereal Prep nes,271,Food: Total Proteins Eqv (Mt),2006,100, 
231,USA,113,Cereal Prep nes,271,Food: Total Proteins Eqv (Mt),2007,100, 
231,USA,113,Cereal Prep nes,271,Food: Total Proteins Eqv (Mt),2008,100, 
231,USA,113,Cereal Prep nes,271,Food: Total Proteins Eqv (Mt),2009,100, 
231,USA,113,Cereal Prep nes,271,Food: Total Proteins Eqv (Mt),2010,100, 
231,USA,113,Cereal Prep nes,271,Food: Total Proteins Eqv (Mt),2011,100, 
231,USA,113,Cereal Prep nes,281,Food: Total Fats Eqv (Mt),2000,11, 
231,USA,113,Cereal Prep nes,281,Food: Total Fats Eqv (Mt),2001,11, 
231,USA,113,Cereal Prep nes,281,Food: Total Fats Eqv (Mt),2002,11, 
231,USA,113,Cereal Prep nes,281,Food: Total Fats Eqv (Mt),2003,11, 
231,USA,113,Cereal Prep nes,281,Food: Total Fats Eqv (Mt),2004,11, 
231,USA,113,Cereal Prep nes,281,Food: Total Fats Eqv (Mt),2005,11, 
231,USA,113,Cereal Prep nes,281,Food: Total Fats Eqv (Mt),2006,11, 
231,USA,113,Cereal Prep nes,281,Food: Total Fats Eqv (Mt),2007,11, 
231,USA,113,Cereal Prep nes,281,Food: Total Fats Eqv (Mt),2008,11, 
231,USA,113,Cereal Prep nes,281,Food: Total Fats Eqv (Mt),2009,11, 
231,USA,113,Cereal Prep nes,281,Food: Total Fats Eqv (Mt),2010,11, 
231,USA,113,Cereal Prep nes,281,Food: Total Fats Eqv (Mt),2011,11, 
231,USA,154,Fructose Chemically Pure,261,Food: Total Calories Eqv (Mln U),2000,375, 
231,USA,154,Fructose Chemically Pure,261,Food: Total Calories Eqv (Mln U),2001,375, 
231,USA,154,Fructose Chemically Pure,261,Food: Total Calories Eqv (Mln U),2002,375, 
231,USA,154,Fructose Chemically Pure,261,Food: Total Calories Eqv (Mln U),2003,375, 
231,USA,154,Fructose Chemically Pure,261,Food: Total Calories Eqv (Mln U),2004,375, 
231,USA,154,Fructose Chemically Pure,261,Food: Total Calories Eqv (Mln U),2005,375, 
231,USA,154,Fructose Chemically Pure,261,Food: Total Calories Eqv (Mln U),2006,375, 
231,USA,154,Fructose Chemically Pure,261,Food: Total Calories Eqv (Mln U),2007,375, 
231,USA,154,Fructose Chemically Pure,261,Food: Total Calories Eqv (Mln U),2008,375, 
231,USA,154,Fructose Chemically Pure,261,Food: Total Calories Eqv (Mln U),2009,375, 
231,USA,154,Fructose Chemically Pure,261,Food: Total Calories Eqv (Mln U),2010,375, 
231,USA,154,Fructose Chemically Pure,261,Food: Total Calories Eqv (Mln U),2011,375, 
231,USA,154,Fructose Chemically Pure,271,Food: Total Proteins Eqv (Mt),2000,0, 
231,USA,154,Fructose Chemically Pure,271,Food: Total Proteins Eqv (Mt),2001,0, 
231,USA,154,Fructose Chemically Pure,271,Food: Total Proteins Eqv (Mt),2002,0, 
231,USA,154,Fructose Chemically Pure,271,Food: Total Proteins Eqv (Mt),2003,0, 
231,USA,154,Fructose Chemically Pure,271,Food: Total Proteins Eqv (Mt),2004,0, 
231,USA,154,Fructose Chemically Pure,271,Food: Total Proteins Eqv (Mt),2005,0, 
231,USA,154,Fructose Chemically Pure,271,Food: Total Proteins Eqv (Mt),2006,0, 
231,USA,154,Fructose Chemically Pure,271,Food: Total Proteins Eqv (Mt),2007,0, 
231,USA,154,Fructose Chemically Pure,271,Food: Total Proteins Eqv (Mt),2008,0, 
231,USA,154,Fructose Chemically Pure,271,Food: Total Proteins Eqv (Mt),2009,0, 
231,USA,154,Fructose Chemically Pure,271,Food: Total Proteins Eqv (Mt),2010,0, 
231,USA,154,Fructose Chemically Pure,271,Food: Total Proteins Eqv (Mt),2011,0, 
231,USA,154,Fructose Chemically Pure,281,Food: Total Fats Eqv (Mt),2000,0, 
231,USA,154,Fructose Chemically Pure,281,Food: Total Fats Eqv (Mt),2001,0, 
231,USA,154,Fructose Chemically Pure,281,Food: Total Fats Eqv (Mt),2002,0, 
231,USA,154,Fructose Chemically Pure,281,Food: Total Fats Eqv (Mt),2003,0, 
231,USA,154,Fructose Chemically Pure,281,Food: Total Fats Eqv (Mt),2004,0, 
231,USA,154,Fructose Chemically Pure,281,Food: Total Fats Eqv (Mt),2005,0, 
231,USA,154,Fructose Chemically Pure,281,Food: Total Fats Eqv (Mt),2006,0, 
231,USA,154,Fructose Chemically Pure,281,Food: Total Fats Eqv (Mt),2007,0, 
231,USA,154,Fructose Chemically Pure,281,Food: Total Fats Eqv (Mt),2008,0, 
231,USA,154,Fructose Chemically Pure,281,Food: Total Fats Eqv (Mt),2009,0, 
231,USA,154,Fructose Chemically Pure,281,Food: Total Fats Eqv (Mt),2010,0, 
231,USA,154,Fructose Chemically Pure,281,Food: Total Fats Eqv (Mt),2011,0, 
231,USA,155,Maltose Chemically Pure,261,Food: Total Calories Eqv (Mln U),2000,375, 
231,USA,155,Maltose Chemically Pure,261,Food: Total Calories Eqv (Mln U),2001,375, 
231,USA,155,Maltose Chemically Pure,261,Food: Total Calories Eqv (Mln U),2002,375, 
231,USA,155,Maltose Chemically Pure,261,Food: Total Calories Eqv (Mln U),2003,375, 
231,USA,155,Maltose Chemically Pure,261,Food: Total Calories Eqv (Mln U),2004,375, 
231,USA,155,Maltose Chemically Pure,261,Food: Total Calories Eqv (Mln U),2005,375, 
231,USA,155,Maltose Chemically Pure,261,Food: Total Calories Eqv (Mln U),2006,375, 
231,USA,155,Maltose Chemically Pure,261,Food: Total Calories Eqv (Mln U),2007,375, 
231,USA,155,Maltose Chemically Pure,261,Food: Total Calories Eqv (Mln U),2008,375, 
231,USA,155,Maltose Chemically Pure,261,Food: Total Calories Eqv (Mln U),2009,375, 
231,USA,155,Maltose Chemically Pure,261,Food: Total Calories Eqv (Mln U),2010,375, 
231,USA,155,Maltose Chemically Pure,261,Food: Total Calories Eqv (Mln U),2011,375, 
231,USA,155,Maltose Chemically Pure,271,Food: Total Proteins Eqv (Mt),2000,0, 
231,USA,155,Maltose Chemically Pure,271,Food: Total Proteins Eqv (Mt),2001,0, 
231,USA,155,Maltose Chemically Pure,271,Food: Total Proteins Eqv (Mt),2002,0, 
231,USA,155,Maltose Chemically Pure,271,Food: Total Proteins Eqv (Mt),2003,0, 
231,USA,155,Maltose Chemically Pure,271,Food: Total Proteins Eqv (Mt),2004,0, 
231,USA,155,Maltose Chemically Pure,271,Food: Total Proteins Eqv (Mt),2005,0, 
231,USA,155,Maltose Chemically Pure,271,Food: Total Proteins Eqv (Mt),2006,0, 
231,USA,155,Maltose Chemically Pure,271,Food: Total Proteins Eqv (Mt),2007,0, 
231,USA,155,Maltose Chemically Pure,271,Food: Total Proteins Eqv (Mt),2008,0, 
231,USA,155,Maltose Chemically Pure,271,Food: Total Proteins Eqv (Mt),2009,0, 
231,USA,155,Maltose Chemically Pure,271,Food: Total Proteins Eqv (Mt),2010,0, 
231,USA,155,Maltose Chemically Pure,271,Food: Total Proteins Eqv (Mt),2011,0, 
231,USA,155,Maltose Chemically Pure,281,Food: Total Fats Eqv (Mt),2000,0, 
231,USA,155,Maltose Chemically Pure,281,Food: Total Fats Eqv (Mt),2001,0, 
231,USA,155,Maltose Chemically Pure,281,Food: Total Fats Eqv (Mt),2002,0, 
231,USA,155,Maltose Chemically Pure,281,Food: Total Fats Eqv (Mt),2003,0, 
231,USA,155,Maltose Chemically Pure,281,Food: Total Fats Eqv (Mt),2004,0, 
231,USA,155,Maltose Chemically Pure,281,Food: Total Fats Eqv (Mt),2005,0, 
231,USA,155,Maltose Chemically Pure,281,Food: Total Fats Eqv (Mt),2006,0, 
231,USA,155,Maltose Chemically Pure,281,Food: Total Fats Eqv (Mt),2007,0, 
231,USA,155,Maltose Chemically Pure,281,Food: Total Fats Eqv (Mt),2008,0, 
231,USA,155,Maltose Chemically Pure,281,Food: Total Fats Eqv (Mt),2009,0, 
231,USA,155,Maltose Chemically Pure,281,Food: Total Fats Eqv (Mt),2010,0, 
231,USA,155,Maltose Chemically Pure,281,Food: Total Fats Eqv (Mt),2011,0, 
231,USA,166,Other Fructose and Syrup,261,Food: Total Calories Eqv (Mln U),2000,298, 
231,USA,166,Other Fructose and Syrup,261,Food: Total Calories Eqv (Mln U),2001,298, 
231,USA,166,Other Fructose and Syrup,261,Food: Total Calories Eqv (Mln U),2002,298, 
231,USA,166,Other Fructose and Syrup,261,Food: Total Calories Eqv (Mln U),2003,298, 
231,USA,166,Other Fructose and Syrup,261,Food: Total Calories Eqv (Mln U),2004,298, 
231,USA,166,Other Fructose and Syrup,261,Food: Total Calories Eqv (Mln U),2005,298, 
231,USA,166,Other Fructose and Syrup,261,Food: Total Calories Eqv (Mln U),2006,298, 
231,USA,166,Other Fructose and Syrup,261,Food: Total Calories Eqv (Mln U),2007,298, 
231,USA,166,Other Fructose and Syrup,261,Food: Total Calories Eqv (Mln U),2008,298, 
231,USA,166,Other Fructose and Syrup,261,Food: Total Calories Eqv (Mln U),2009,298, 
231,USA,166,Other Fructose and Syrup,261,Food: Total Calories Eqv (Mln U),2010,298, 
231,USA,166,Other Fructose and Syrup,261,Food: Total Calories Eqv (Mln U),2011,298, 
231,USA,166,Other Fructose and Syrup,271,Food: Total Proteins Eqv (Mt),2000,3, 
231,USA,166,Other Fructose and Syrup,271,Food: Total Proteins Eqv (Mt),2001,3, 
231,USA,166,Other Fructose and Syrup,271,Food: Total Proteins Eqv (Mt),2002,3, 
231,USA,166,Other Fructose and Syrup,271,Food: Total Proteins Eqv (Mt),2003,3, 
231,USA,166,Other Fructose and Syrup,271,Food: Total Proteins Eqv (Mt),2004,3, 
231,USA,166,Other Fructose and Syrup,271,Food: Total Proteins Eqv (Mt),2005,3, 
231,USA,166,Other Fructose and Syrup,271,Food: Total Proteins Eqv (Mt),2006,3, 
231,USA,166,Other Fructose and Syrup,271,Food: Total Proteins Eqv (Mt),2007,3, 
231,USA,166,Other Fructose and Syrup,271,Food: Total Proteins Eqv (Mt),2008,3, 
231,USA,166,Other Fructose and Syrup,271,Food: Total Proteins Eqv (Mt),2009,3, 
231,USA,166,Other Fructose and Syrup,271,Food: Total Proteins Eqv (Mt),2010,3, 
231,USA,166,Other Fructose and Syrup,271,Food: Total Proteins Eqv (Mt),2011,3, 
231,USA,166,Other Fructose and Syrup,281,Food: Total Fats Eqv (Mt),2000,0, 
231,USA,166,Other Fructose and Syrup,281,Food: Total Fats Eqv (Mt),2001,0, 
231,USA,166,Other Fructose and Syrup,281,Food: Total Fats Eqv (Mt),2002,0, 
231,USA,166,Other Fructose and Syrup,281,Food: Total Fats Eqv (Mt),2003,0, 
231,USA,166,Other Fructose and Syrup,281,Food: Total Fats Eqv (Mt),2004,0, 
231,USA,166,Other Fructose and Syrup,281,Food: Total Fats Eqv (Mt),2005,0, 
231,USA,166,Other Fructose and Syrup,281,Food: Total Fats Eqv (Mt),2006,0, 
231,USA,166,Other Fructose and Syrup,281,Food: Total Fats Eqv (Mt),2007,0, 
231,USA,166,Other Fructose and Syrup,281,Food: Total Fats Eqv (Mt),2008,0, 
231,USA,166,Other Fructose and Syrup,281,Food: Total Fats Eqv (Mt),2009,0, 
231,USA,166,Other Fructose and Syrup,281,Food: Total Fats Eqv (Mt),2010,0, 
231,USA,166,Other Fructose and Syrup,281,Food: Total Fats Eqv (Mt),2011,0, 
231,USA,168,Sugar Confectionery,141,Food (Mt),2000,0,B
231,USA,168,Sugar Confectionery,141,Food (Mt),2001,0,B
231,USA,168,Sugar Confectionery,141,Food (Mt),2002,0,B
231,USA,168,Sugar Confectionery,141,Food (Mt),2003,0,B
231,USA,168,Sugar Confectionery,141,Food (Mt),2004,0,B
231,USA,168,Sugar Confectionery,141,Food (Mt),2005,0,B
231,USA,168,Sugar Confectionery,141,Food (Mt),2006,0,B
231,USA,168,Sugar Confectionery,141,Food (Mt),2007,0,B
231,USA,168,Sugar Confectionery,141,Food (Mt),2008,0,B
231,USA,168,Sugar Confectionery,141,Food (Mt),2009,0,B
231,USA,168,Sugar Confectionery,141,Food (Mt),2010,0,B
231,USA,168,Sugar Confectionery,141,Food (Mt),2011,0,B
231,USA,168,Sugar Confectionery,261,Food: Total Calories Eqv (Mln U),2000,310, 
231,USA,168,Sugar Confectionery,261,Food: Total Calories Eqv (Mln U),2001,310, 
231,USA,168,Sugar Confectionery,261,Food: Total Calories Eqv (Mln U),2002,310, 
231,USA,168,Sugar Confectionery,261,Food: Total Calories Eqv (Mln U),2003,310, 
231,USA,168,Sugar Confectionery,261,Food: Total Calories Eqv (Mln U),2004,310, 
231,USA,168,Sugar Confectionery,261,Food: Total Calories Eqv (Mln U),2005,310, 
231,USA,168,Sugar Confectionery,261,Food: Total Calories Eqv (Mln U),2006,310, 
231,USA,168,Sugar Confectionery,261,Food: Total Calories Eqv (Mln U),2007,310, 
231,USA,168,Sugar Confectionery,261,Food: Total Calories Eqv (Mln U),2008,310, 
231,USA,168,Sugar Confectionery,261,Food: Total Calories Eqv (Mln U),2009,310, 
231,USA,168,Sugar Confectionery,261,Food: Total Calories Eqv (Mln U),2010,310, 
231,USA,168,Sugar Confectionery,261,Food: Total Calories Eqv (Mln U),2011,310, 
231,USA,168,Sugar Confectionery,271,Food: Total Proteins Eqv (Mt),2000,0, 
231,USA,168,Sugar Confectionery,271,Food: Total Proteins Eqv (Mt),2001,0, 
231,USA,168,Sugar Confectionery,271,Food: Total Proteins Eqv (Mt),2002,0, 
231,USA,168,Sugar Confectionery,271,Food: Total Proteins Eqv (Mt),2003,0, 
231,USA,168,Sugar Confectionery,271,Food: Total Proteins Eqv (Mt),2004,0, 
231,USA,168,Sugar Confectionery,271,Food: Total Proteins Eqv (Mt),2005,0, 
231,USA,168,Sugar Confectionery,271,Food: Total Proteins Eqv (Mt),2006,0, 
231,USA,168,Sugar Confectionery,271,Food: Total Proteins Eqv (Mt),2007,0, 
231,USA,168,Sugar Confectionery,271,Food: Total Proteins Eqv (Mt),2008,0, 
231,USA,168,Sugar Confectionery,271,Food: Total Proteins Eqv (Mt),2009,0, 
231,USA,168,Sugar Confectionery,271,Food: Total Proteins Eqv (Mt),2010,0, 
231,USA,168,Sugar Confectionery,271,Food: Total Proteins Eqv (Mt),2011,0, 
231,USA,168,Sugar Confectionery,281,Food: Total Fats Eqv (Mt),2000,0, 
231,USA,168,Sugar Confectionery,281,Food: Total Fats Eqv (Mt),2001,0, 
231,USA,168,Sugar Confectionery,281,Food: Total Fats Eqv (Mt),2002,0, 
231,USA,168,Sugar Confectionery,281,Food: Total Fats Eqv (Mt),2003,0, 
231,USA,168,Sugar Confectionery,281,Food: Total Fats Eqv (Mt),2004,0, 
231,USA,168,Sugar Confectionery,281,Food: Total Fats Eqv (Mt),2005,0, 
231,USA,168,Sugar Confectionery,281,Food: Total Fats Eqv (Mt),2006,0, 
231,USA,168,Sugar Confectionery,281,Food: Total Fats Eqv (Mt),2007,0, 
231,USA,168,Sugar Confectionery,281,Food: Total Fats Eqv (Mt),2008,0, 
231,USA,168,Sugar Confectionery,281,Food: Total Fats Eqv (Mt),2009,0, 
231,USA,168,Sugar Confectionery,281,Food: Total Fats Eqv (Mt),2010,0, 
231,USA,168,Sugar Confectionery,281,Food: Total Fats Eqv (Mt),2011,0, 
231,USA,171,Sugars Flavoured,261,Food: Total Calories Eqv (Mln U),2000,310, 
231,USA,171,Sugars Flavoured,261,Food: Total Calories Eqv (Mln U),2001,310, 
231,USA,171,Sugars Flavoured,261,Food: Total Calories Eqv (Mln U),2002,310, 
231,USA,171,Sugars Flavoured,261,Food: Total Calories Eqv (Mln U),2003,310, 
231,USA,171,Sugars Flavoured,261,Food: Total Calories Eqv (Mln U),2004,310, 
231,USA,171,Sugars Flavoured,261,Food: Total Calories Eqv (Mln U),2005,310, 
231,USA,171,Sugars Flavoured,261,Food: Total Calories Eqv (Mln U),2006,310, 
231,USA,171,Sugars Flavoured,261,Food: Total Calories Eqv (Mln U),2007,310, 
231,USA,171,Sugars Flavoured,261,Food: Total Calories Eqv (Mln U),2008,310, 
231,USA,171,Sugars Flavoured,261,Food: Total Calories Eqv (Mln U),2009,310, 
231,USA,171,Sugars Flavoured,261,Food: Total Calories Eqv (Mln U),2010,310, 
231,USA,171,Sugars Flavoured,261,Food: Total Calories Eqv (Mln U),2011,310, 
231,USA,171,Sugars Flavoured,271,Food: Total Proteins Eqv (Mt),2000,0, 
231,USA,171,Sugars Flavoured,271,Food: Total Proteins Eqv (Mt),2001,0, 
231,USA,171,Sugars Flavoured,271,Food: Total Proteins Eqv (Mt),2002,0, 
231,USA,171,Sugars Flavoured,271,Food: Total Proteins Eqv (Mt),2003,0, 
231,USA,171,Sugars Flavoured,271,Food: Total Proteins Eqv (Mt),2004,0, 
231,USA,171,Sugars Flavoured,271,Food: Total Proteins Eqv (Mt),2005,0, 
231,USA,171,Sugars Flavoured,271,Food: Total Proteins Eqv (Mt),2006,0, 
231,USA,171,Sugars Flavoured,271,Food: Total Proteins Eqv (Mt),2007,0, 
231,USA,171,Sugars Flavoured,271,Food: Total Proteins Eqv (Mt),2008,0, 
231,USA,171,Sugars Flavoured,271,Food: Total Proteins Eqv (Mt),2009,0, 
231,USA,171,Sugars Flavoured,271,Food: Total Proteins Eqv (Mt),2010,0, 
231,USA,171,Sugars Flavoured,271,Food: Total Proteins Eqv (Mt),2011,0, 
231,USA,171,Sugars Flavoured,281,Food: Total Fats Eqv (Mt),2000,0, 
231,USA,171,Sugars Flavoured,281,Food: Total Fats Eqv (Mt),2001,0, 
231,USA,171,Sugars Flavoured,281,Food: Total Fats Eqv (Mt),2002,0, 
231,USA,171,Sugars Flavoured,281,Food: Total Fats Eqv (Mt),2003,0, 
231,USA,171,Sugars Flavoured,281,Food: Total Fats Eqv (Mt),2004,0, 
231,USA,171,Sugars Flavoured,281,Food: Total Fats Eqv (Mt),2005,0, 
231,USA,171,Sugars Flavoured,281,Food: Total Fats Eqv (Mt),2006,0, 
231,USA,171,Sugars Flavoured,281,Food: Total Fats Eqv (Mt),2007,0, 
231,USA,171,Sugars Flavoured,281,Food: Total Fats Eqv (Mt),2008,0, 
231,USA,171,Sugars Flavoured,281,Food: Total Fats Eqv (Mt),2009,0, 
231,USA,171,Sugars Flavoured,281,Food: Total Fats Eqv (Mt),2010,0, 
231,USA,171,Sugars Flavoured,281,Food: Total Fats Eqv (Mt),2011,0, 
231,USA,172,Glucose and Dextrose,261,Food: Total Calories Eqv (Mln U),2000,368, 
231,USA,172,Glucose and Dextrose,261,Food: Total Calories Eqv (Mln U),2001,368, 
231,USA,172,Glucose and Dextrose,261,Food: Total Calories Eqv (Mln U),2002,368, 
231,USA,172,Glucose and Dextrose,261,Food: Total Calories Eqv (Mln U),2003,368, 
231,USA,172,Glucose and Dextrose,261,Food: Total Calories Eqv (Mln U),2004,368, 
231,USA,172,Glucose and Dextrose,261,Food: Total Calories Eqv (Mln U),2005,368, 
231,USA,172,Glucose and Dextrose,261,Food: Total Calories Eqv (Mln U),2006,368, 
231,USA,172,Glucose and Dextrose,261,Food: Total Calories Eqv (Mln U),2007,368, 
231,USA,172,Glucose and Dextrose,261,Food: Total Calories Eqv (Mln U),2008,368, 
231,USA,172,Glucose and Dextrose,261,Food: Total Calories Eqv (Mln U),2009,368, 
231,USA,172,Glucose and Dextrose,261,Food: Total Calories Eqv (Mln U),2010,368, 
231,USA,172,Glucose and Dextrose,261,Food: Total Calories Eqv (Mln U),2011,368, 
231,USA,172,Glucose and Dextrose,271,Food: Total Proteins Eqv (Mt),2000,0, 
231,USA,172,Glucose and Dextrose,271,Food: Total Proteins Eqv (Mt),2001,0, 
231,USA,172,Glucose and Dextrose,271,Food: Total Proteins Eqv (Mt),2002,0, 
231,USA,172,Glucose and Dextrose,271,Food: Total Proteins Eqv (Mt),2003,0, 
231,USA,172,Glucose and Dextrose,271,Food: Total Proteins Eqv (Mt),2004,0, 
231,USA,172,Glucose and Dextrose,271,Food: Total Proteins Eqv (Mt),2005,0, 
231,USA,172,Glucose and Dextrose,271,Food: Total Proteins Eqv (Mt),2006,0, 
231,USA,172,Glucose and Dextrose,271,Food: Total Proteins Eqv (Mt),2007,0, 
231,USA,172,Glucose and Dextrose,271,Food: Total Proteins Eqv (Mt),2008,0, 
231,USA,172,Glucose and Dextrose,271,Food: Total Proteins Eqv (Mt),2009,0, 
231,USA,172,Glucose and Dextrose,271,Food: Total Proteins Eqv (Mt),2010,0, 
231,USA,172,Glucose and Dextrose,271,Food: Total Proteins Eqv (Mt),2011,0, 
231,USA,172,Glucose and Dextrose,281,Food: Total Fats Eqv (Mt),2000,0, 
231,USA,172,Glucose and Dextrose,281,Food: Total Fats Eqv (Mt),2001,0, 
231,USA,172,Glucose and Dextrose,281,Food: Total Fats Eqv (Mt),2002,0, 
231,USA,172,Glucose and Dextrose,281,Food: Total Fats Eqv (Mt),2003,0, 
231,USA,172,Glucose and Dextrose,281,Food: Total Fats Eqv (Mt),2004,0, 
231,USA,172,Glucose and Dextrose,281,Food: Total Fats Eqv (Mt),2005,0, 
231,USA,172,Glucose and Dextrose,281,Food: Total Fats Eqv (Mt),2006,0, 
231,USA,172,Glucose and Dextrose,281,Food: Total Fats Eqv (Mt),2007,0, 
231,USA,172,Glucose and Dextrose,281,Food: Total Fats Eqv (Mt),2008,0, 
231,USA,172,Glucose and Dextrose,281,Food: Total Fats Eqv (Mt),2009,0, 
231,USA,172,Glucose and Dextrose,281,Food: Total Fats Eqv (Mt),2010,0, 
231,USA,172,Glucose and Dextrose,281,Food: Total Fats Eqv (Mt),2011,0, 
231,USA,175,Isoglucose,261,Food: Total Calories Eqv (Mln U),2000,318, 
231,USA,175,Isoglucose,261,Food: Total Calories Eqv (Mln U),2001,318, 
231,USA,175,Isoglucose,261,Food: Total Calories Eqv (Mln U),2002,318, 
231,USA,175,Isoglucose,261,Food: Total Calories Eqv (Mln U),2003,318, 
231,USA,175,Isoglucose,261,Food: Total Calories Eqv (Mln U),2004,318, 
231,USA,175,Isoglucose,261,Food: Total Calories Eqv (Mln U),2005,318, 
231,USA,175,Isoglucose,261,Food: Total Calories Eqv (Mln U),2006,318, 
231,USA,175,Isoglucose,261,Food: Total Calories Eqv (Mln U),2007,318, 
231,USA,175,Isoglucose,261,Food: Total Calories Eqv (Mln U),2008,318, 
231,USA,175,Isoglucose,261,Food: Total Calories Eqv (Mln U),2009,318, 
231,USA,175,Isoglucose,261,Food: Total Calories Eqv (Mln U),2010,318, 
231,USA,175,Isoglucose,261,Food: Total Calories Eqv (Mln U),2011,318, 
231,USA,175,Isoglucose,271,Food: Total Proteins Eqv (Mt),2000,0, 
231,USA,175,Isoglucose,271,Food: Total Proteins Eqv (Mt),2001,0, 
231,USA,175,Isoglucose,271,Food: Total Proteins Eqv (Mt),2002,0, 
231,USA,175,Isoglucose,271,Food: Total Proteins Eqv (Mt),2003,0, 
231,USA,175,Isoglucose,271,Food: Total Proteins Eqv (Mt),2004,0, 
231,USA,175,Isoglucose,271,Food: Total Proteins Eqv (Mt),2005,0, 
231,USA,175,Isoglucose,271,Food: Total Proteins Eqv (Mt),2006,0, 
231,USA,175,Isoglucose,271,Food: Total Proteins Eqv (Mt),2007,0, 
231,USA,175,Isoglucose,271,Food: Total Proteins Eqv (Mt),2008,0, 
231,USA,175,Isoglucose,271,Food: Total Proteins Eqv (Mt),2009,0, 
231,USA,175,Isoglucose,271,Food: Total Proteins Eqv (Mt),2010,0, 
231,USA,175,Isoglucose,271,Food: Total Proteins Eqv (Mt),2011,0, 
231,USA,175,Isoglucose,281,Food: Total Fats Eqv (Mt),2000,0, 
231,USA,175,Isoglucose,281,Food: Total Fats Eqv (Mt),2001,0, 
231,USA,175,Isoglucose,281,Food: Total Fats Eqv (Mt),2002,0, 
231,USA,175,Isoglucose,281,Food: Total Fats Eqv (Mt),2003,0, 
231,USA,175,Isoglucose,281,Food: Total Fats Eqv (Mt),2004,0, 
231,USA,175,Isoglucose,281,Food: Total Fats Eqv (Mt),2005,0, 
231,USA,175,Isoglucose,281,Food: Total Fats Eqv (Mt),2006,0, 
231,USA,175,Isoglucose,281,Food: Total Fats Eqv (Mt),2007,0, 
231,USA,175,Isoglucose,281,Food: Total Fats Eqv (Mt),2008,0, 
231,USA,175,Isoglucose,281,Food: Total Fats Eqv (Mt),2009,0, 
231,USA,175,Isoglucose,281,Food: Total Fats Eqv (Mt),2010,0, 
231,USA,175,Isoglucose,281,Food: Total Fats Eqv (Mt),2011,0, 
231,USA,633,Beverages Non-Alcoholic,141,Food (Mt),2000,0,B
231,USA,633,Beverages Non-Alcoholic,141,Food (Mt),2001,0,B
231,USA,633,Beverages Non-Alcoholic,141,Food (Mt),2002,0,B
231,USA,633,Beverages Non-Alcoholic,141,Food (Mt),2003,0,B
231,USA,633,Beverages Non-Alcoholic,141,Food (Mt),2004,0,B
231,USA,633,Beverages Non-Alcoholic,141,Food (Mt),2005,0,B
231,USA,633,Beverages Non-Alcoholic,141,Food (Mt),2006,0,B
231,USA,633,Beverages Non-Alcoholic,141,Food (Mt),2007,0,B
231,USA,633,Beverages Non-Alcoholic,141,Food (Mt),2008,0,B
231,USA,633,Beverages Non-Alcoholic,141,Food (Mt),2009,0,B
231,USA,633,Beverages Non-Alcoholic,141,Food (Mt),2010,0,B
231,USA,633,Beverages Non-Alcoholic,141,Food (Mt),2011,0,B
231,USA,633,Beverages Non-Alcoholic,261,Food: Total Calories Eqv (Mln U),2000,39, 
231,USA,633,Beverages Non-Alcoholic,261,Food: Total Calories Eqv (Mln U),2001,39, 
231,USA,633,Beverages Non-Alcoholic,261,Food: Total Calories Eqv (Mln U),2002,39, 
231,USA,633,Beverages Non-Alcoholic,261,Food: Total Calories Eqv (Mln U),2003,39, 
231,USA,633,Beverages Non-Alcoholic,261,Food: Total Calories Eqv (Mln U),2004,39, 
231,USA,633,Beverages Non-Alcoholic,261,Food: Total Calories Eqv (Mln U),2005,39, 
231,USA,633,Beverages Non-Alcoholic,261,Food: Total Calories Eqv (Mln U),2006,39, 
231,USA,633,Beverages Non-Alcoholic,261,Food: Total Calories Eqv (Mln U),2007,39, 
231,USA,633,Beverages Non-Alcoholic,261,Food: Total Calories Eqv (Mln U),2008,39, 
231,USA,633,Beverages Non-Alcoholic,261,Food: Total Calories Eqv (Mln U),2009,39, 
231,USA,633,Beverages Non-Alcoholic,261,Food: Total Calories Eqv (Mln U),2010,39, 
231,USA,633,Beverages Non-Alcoholic,261,Food: Total Calories Eqv (Mln U),2011,39, 
231,USA,633,Beverages Non-Alcoholic,271,Food: Total Proteins Eqv (Mt),2000,0, 
231,USA,633,Beverages Non-Alcoholic,271,Food: Total Proteins Eqv (Mt),2001,0, 
231,USA,633,Beverages Non-Alcoholic,271,Food: Total Proteins Eqv (Mt),2002,0, 
231,USA,633,Beverages Non-Alcoholic,271,Food: Total Proteins Eqv (Mt),2003,0, 
231,USA,633,Beverages Non-Alcoholic,271,Food: Total Proteins Eqv (Mt),2004,0, 
231,USA,633,Beverages Non-Alcoholic,271,Food: Total Proteins Eqv (Mt),2005,0, 
231,USA,633,Beverages Non-Alcoholic,271,Food: Total Proteins Eqv (Mt),2006,0, 
231,USA,633,Beverages Non-Alcoholic,271,Food: Total Proteins Eqv (Mt),2007,0, 
231,USA,633,Beverages Non-Alcoholic,271,Food: Total Proteins Eqv (Mt),2008,0, 
231,USA,633,Beverages Non-Alcoholic,271,Food: Total Proteins Eqv (Mt),2009,0, 
231,USA,633,Beverages Non-Alcoholic,271,Food: Total Proteins Eqv (Mt),2010,0, 
231,USA,633,Beverages Non-Alcoholic,271,Food: Total Proteins Eqv (Mt),2011,0, 
231,USA,633,Beverages Non-Alcoholic,281,Food: Total Fats Eqv (Mt),2000,0, 
231,USA,633,Beverages Non-Alcoholic,281,Food: Total Fats Eqv (Mt),2001,0, 
231,USA,633,Beverages Non-Alcoholic,281,Food: Total Fats Eqv (Mt),2002,0, 
231,USA,633,Beverages Non-Alcoholic,281,Food: Total Fats Eqv (Mt),2003,0, 
231,USA,633,Beverages Non-Alcoholic,281,Food: Total Fats Eqv (Mt),2004,0, 
231,USA,633,Beverages Non-Alcoholic,281,Food: Total Fats Eqv (Mt),2005,0, 
231,USA,633,Beverages Non-Alcoholic,281,Food: Total Fats Eqv (Mt),2006,0, 
231,USA,633,Beverages Non-Alcoholic,281,Food: Total Fats Eqv (Mt),2007,0, 
231,USA,633,Beverages Non-Alcoholic,281,Food: Total Fats Eqv (Mt),2008,0, 
231,USA,633,Beverages Non-Alcoholic,281,Food: Total Fats Eqv (Mt),2009,0, 
231,USA,633,Beverages Non-Alcoholic,281,Food: Total Fats Eqv (Mt),2010,0, 
231,USA,633,Beverages Non-Alcoholic,281,Food: Total Fats Eqv (Mt),2011,0, 
231,USA,634,Beverages Dist Alcoholic,141,Food (Mt),2000,0,B
231,USA,634,Beverages Dist Alcoholic,141,Food (Mt),2001,0,B
231,USA,634,Beverages Dist Alcoholic,141,Food (Mt),2002,0,B
231,USA,634,Beverages Dist Alcoholic,141,Food (Mt),2003,0,B
231,USA,634,Beverages Dist Alcoholic,141,Food (Mt),2004,0,B
231,USA,634,Beverages Dist Alcoholic,141,Food (Mt),2005,0,B
231,USA,634,Beverages Dist Alcoholic,141,Food (Mt),2006,0,B
231,USA,634,Beverages Dist Alcoholic,141,Food (Mt),2007,0,B
231,USA,634,Beverages Dist Alcoholic,141,Food (Mt),2008,0,B
231,USA,634,Beverages Dist Alcoholic,141,Food (Mt),2009,0,B
231,USA,634,Beverages Dist Alcoholic,141,Food (Mt),2010,0,B
231,USA,634,Beverages Dist Alcoholic,141,Food (Mt),2011,0,B
231,USA,634,Beverages Dist Alcoholic,261,Food: Total Calories Eqv (Mln U),2000,295, 
231,USA,634,Beverages Dist Alcoholic,261,Food: Total Calories Eqv (Mln U),2001,295, 
231,USA,634,Beverages Dist Alcoholic,261,Food: Total Calories Eqv (Mln U),2002,295, 
231,USA,634,Beverages Dist Alcoholic,261,Food: Total Calories Eqv (Mln U),2003,295, 
231,USA,634,Beverages Dist Alcoholic,261,Food: Total Calories Eqv (Mln U),2004,295, 
231,USA,634,Beverages Dist Alcoholic,261,Food: Total Calories Eqv (Mln U),2005,295, 
231,USA,634,Beverages Dist Alcoholic,261,Food: Total Calories Eqv (Mln U),2006,295, 
231,USA,634,Beverages Dist Alcoholic,261,Food: Total Calories Eqv (Mln U),2007,295, 
231,USA,634,Beverages Dist Alcoholic,261,Food: Total Calories Eqv (Mln U),2008,295, 
231,USA,634,Beverages Dist Alcoholic,261,Food: Total Calories Eqv (Mln U),2009,295, 
231,USA,634,Beverages Dist Alcoholic,261,Food: Total Calories Eqv (Mln U),2010,295, 
231,USA,634,Beverages Dist Alcoholic,261,Food: Total Calories Eqv (Mln U),2011,295, 
231,USA,634,Beverages Dist Alcoholic,271,Food: Total Proteins Eqv (Mt),2000,0, 
231,USA,634,Beverages Dist Alcoholic,271,Food: Total Proteins Eqv (Mt),2001,0, 
231,USA,634,Beverages Dist Alcoholic,271,Food: Total Proteins Eqv (Mt),2002,0, 
231,USA,634,Beverages Dist Alcoholic,271,Food: Total Proteins Eqv (Mt),2003,0, 
231,USA,634,Beverages Dist Alcoholic,271,Food: Total Proteins Eqv (Mt),2004,0, 
231,USA,634,Beverages Dist Alcoholic,271,Food: Total Proteins Eqv (Mt),2005,0, 
231,USA,634,Beverages Dist Alcoholic,271,Food: Total Proteins Eqv (Mt),2006,0, 
231,USA,634,Beverages Dist Alcoholic,271,Food: Total Proteins Eqv (Mt),2007,0, 
231,USA,634,Beverages Dist Alcoholic,271,Food: Total Proteins Eqv (Mt),2008,0, 
231,USA,634,Beverages Dist Alcoholic,271,Food: Total Proteins Eqv (Mt),2009,0, 
231,USA,634,Beverages Dist Alcoholic,271,Food: Total Proteins Eqv (Mt),2010,0, 
231,USA,634,Beverages Dist Alcoholic,271,Food: Total Proteins Eqv (Mt),2011,0, 
231,USA,634,Beverages Dist Alcoholic,281,Food: Total Fats Eqv (Mt),2000,0, 
231,USA,634,Beverages Dist Alcoholic,281,Food: Total Fats Eqv (Mt),2001,0, 
231,USA,634,Beverages Dist Alcoholic,281,Food: Total Fats Eqv (Mt),2002,0, 
231,USA,634,Beverages Dist Alcoholic,281,Food: Total Fats Eqv (Mt),2003,0, 
231,USA,634,Beverages Dist Alcoholic,281,Food: Total Fats Eqv (Mt),2004,0, 
231,USA,634,Beverages Dist Alcoholic,281,Food: Total Fats Eqv (Mt),2005,0, 
231,USA,634,Beverages Dist Alcoholic,281,Food: Total Fats Eqv (Mt),2006,0, 
231,USA,634,Beverages Dist Alcoholic,281,Food: Total Fats Eqv (Mt),2007,0, 
231,USA,634,Beverages Dist Alcoholic,281,Food: Total Fats Eqv (Mt),2008,0, 
231,USA,634,Beverages Dist Alcoholic,281,Food: Total Fats Eqv (Mt),2009,0, 
231,USA,634,Beverages Dist Alcoholic,281,Food: Total Fats Eqv (Mt),2010,0, 
231,USA,634,Beverages Dist Alcoholic,281,Food: Total Fats Eqv (Mt),2011,0, 
